E(Gpa),v,Cond(W/m-K),CTE(µm/m-°C),Temp(°C),ETemp(GPa)
115.0,0.307,159.0,1.8699999999999997,-18.0,116.37344
115.0,0.307,159.0,1.8699999999999997,13.0,114.07258999999999
115.0,0.307,159.0,1.8699999999999997,30.0,112.84864999999999
115.0,0.307,159.0,1.8699999999999997,97.0,108.2704
115.0,0.307,159.0,1.8699999999999997,169.0,103.74694000000001
115.0,0.307,159.0,1.8699999999999997,197.0,102.08794
115.0,0.307,159.0,1.8699999999999997,258.0,98.65117
115.0,0.307,159.0,1.8699999999999997,284.0,97.25547
115.0,0.307,159.0,1.8699999999999997,408.0,91.10732
115.0,0.307,159.0,1.8699999999999997,588.0,83.44709
110.0,0.375,140.0,1.91,-4.0,110.33399
110.0,0.375,140.0,1.91,-11.0,110.81966
110.0,0.375,140.0,1.91,51.0,106.65888000000001
110.0,0.375,140.0,1.91,92.0,104.07446
110.0,0.375,140.0,1.91,151.0,100.56746000000001
110.0,0.375,140.0,1.91,195.0,98.10164
110.0,0.375,140.0,1.91,244.0,95.49388
110.0,0.375,140.0,1.91,281.0,93.61462
110.0,0.375,140.0,1.91,394.0,88.30599000000001
110.0,0.375,140.0,1.91,607.0,79.77508
105.0,0.346,115.0,2.03,-18.0,106.25779
105.0,0.346,115.0,2.03,14.0,104.11443
105.0,0.346,115.0,2.03,38.0,102.56293
105.0,0.346,115.0,2.03,98.0,98.87886999999999
105.0,0.346,115.0,2.03,153.0,95.72626
105.0,0.346,115.0,2.03,190.0,93.716
105.0,0.346,115.0,2.03,230.0,91.63575
105.0,0.346,115.0,2.03,299.0,88.25546
105.0,0.346,115.0,2.03,414.0,83.14258
105.0,0.346,115.0,2.03,580.0,76.72424000000001
115.0,0.307,173.0,1.86,-21.0,116.59244
115.0,0.307,173.0,1.86,-19.0,116.4417
115.0,0.307,173.0,1.86,56.0,111.04761
115.0,0.307,173.0,1.86,109.0,107.52698
115.0,0.307,173.0,1.86,153.0,104.76929
115.0,0.307,173.0,1.86,196.0,102.20757
115.0,0.307,173.0,1.86,242.0,99.60177
115.0,0.307,173.0,1.86,307.0,96.13806
115.0,0.307,173.0,1.86,418.0,90.74783000000001
115.0,0.307,173.0,1.86,612.0,82.64681
110.0,0.38,110.0,2.02,-18.0,111.38465
110.0,0.38,110.0,2.02,18.0,108.76778
110.0,0.38,110.0,2.02,48.0,106.67866000000001
110.0,0.38,110.0,2.02,82.0,104.40606
110.0,0.38,110.0,2.02,149.0,100.19909
110.0,0.38,110.0,2.02,185.0,98.07535
110.0,0.38,110.0,2.02,261.0,93.87394
110.0,0.38,110.0,2.02,299.0,91.90519
110.0,0.38,110.0,2.02,387.0,87.6473
110.0,0.38,110.0,2.02,580.0,79.56057000000001
110.0,0.375,120.0,1.99,-16.0,111.21675
110.0,0.375,120.0,1.99,-12.0,110.92475
110.0,0.375,120.0,1.99,41.0,107.19679
110.0,0.375,120.0,1.99,98.0,103.45667999999999
110.0,0.375,120.0,1.99,131.0,101.40795
110.0,0.375,120.0,1.99,217.0,96.43102999999999
110.0,0.375,120.0,1.99,265.0,93.85916
110.0,0.375,120.0,1.99,281.0,93.03228999999999
110.0,0.375,120.0,1.99,385.0,87.99142
110.0,0.375,120.0,1.99,618.0,78.46207000000001
110.0,0.38,137.0,1.89,-35.0,112.49311999999999
110.0,0.38,137.0,1.89,-9.0,110.67609
110.0,0.38,137.0,1.89,65.0,105.81058999999999
110.0,0.38,137.0,1.89,105.0,103.35431
110.0,0.38,137.0,1.89,145.0,101.00892
110.0,0.38,137.0,1.89,213.0,97.25703999999999
110.0,0.38,137.0,1.89,253.0,95.17681
110.0,0.38,137.0,1.89,316.0,92.07493
110.0,0.38,137.0,1.89,398.0,88.32721000000001
110.0,0.38,137.0,1.89,584.0,80.85896000000001
110.0,0.38,110.0,2.02,-28.0,112.13400999999999
110.0,0.38,110.0,2.02,-15.0,111.16144
110.0,0.38,110.0,2.02,43.0,107.02121000000001
110.0,0.38,110.0,2.02,83.0,104.34101
110.0,0.38,110.0,2.02,145.0,100.44073
110.0,0.38,110.0,2.02,214.0,96.4285
110.0,0.38,110.0,2.02,257.0,94.08608
110.0,0.38,110.0,2.02,280.0,92.87943
110.0,0.38,110.0,2.02,383.0,87.83228
110.0,0.38,110.0,2.02,584.0,79.40867999999999
110.0,0.38,110.0,2.02,-24.0,111.83306
110.0,0.38,110.0,2.02,19.0,108.6965
110.0,0.38,110.0,2.02,37.0,107.43517999999999
110.0,0.38,110.0,2.02,90.0,103.88531
110.0,0.38,110.0,2.02,154.0,99.89866
110.0,0.38,110.0,2.02,192.0,97.6725
110.0,0.38,110.0,2.02,259.0,93.97989
110.0,0.38,110.0,2.02,308.0,91.45089999999999
110.0,0.38,110.0,2.02,413.0,86.46387
110.0,0.38,110.0,2.02,583.0,79.44638
110.0,0.38,110.0,2.02,-12.0,110.93982000000001
110.0,0.38,110.0,2.02,19.0,108.6965
110.0,0.38,110.0,2.02,69.0,105.26382000000001
110.0,0.38,110.0,2.02,115.0,102.29083
110.0,0.38,110.0,2.02,166.0,99.1849
110.0,0.38,110.0,2.02,192.0,97.6725
110.0,0.38,110.0,2.02,260.0,93.92716
110.0,0.38,110.0,2.02,319.0,90.90172
110.0,0.38,110.0,2.02,415.0,86.37414
110.0,0.38,110.0,2.02,583.0,79.44638
110.0,0.28,123.0,1.86,-20.0,111.37906
110.0,0.28,123.0,1.86,15.0,109.01250999999999
110.0,0.28,123.0,1.86,52.0,106.61792
110.0,0.28,123.0,1.86,97.0,103.84332
110.0,0.28,123.0,1.86,150.0,100.75449
110.0,0.28,123.0,1.86,190.0,98.54244
110.0,0.28,123.0,1.86,236.0,96.11538
110.0,0.28,123.0,1.86,319.0,92.02517999999999
110.0,0.28,123.0,1.86,396.0,88.52975
110.0,0.28,123.0,1.86,591.0,80.75946
100.0,0.28,116.0,2.1199999999999997,-2.0,100.14034
100.0,0.28,116.0,2.1199999999999997,0.0,100.01321
100.0,0.28,116.0,2.1199999999999997,38.0,97.65745
100.0,0.28,116.0,2.1199999999999997,104.0,93.81893
100.0,0.28,116.0,2.1199999999999997,139.0,91.90324000000001
100.0,0.28,116.0,2.1199999999999997,184.0,89.55177
100.0,0.28,116.0,2.1199999999999997,245.0,86.54988
100.0,0.28,116.0,2.1199999999999997,280.0,84.91632000000001
100.0,0.28,116.0,2.1199999999999997,409.0,79.39298
100.0,0.28,116.0,2.1199999999999997,618.0,71.82181
105.0,0.346,115.0,2.03,-8.0,105.57852
105.0,0.346,115.0,2.03,2.0,104.9082
105.0,0.346,115.0,2.03,48.0,101.93017
105.0,0.346,115.0,2.03,100.0,98.76075999999999
105.0,0.346,115.0,2.03,136.0,96.67908
105.0,0.346,115.0,2.03,219.0,92.19830999999999
105.0,0.346,115.0,2.03,262.0,90.0363
105.0,0.346,115.0,2.03,307.0,87.87959
105.0,0.346,115.0,2.03,411.0,83.26838000000001
105.0,0.346,115.0,2.03,600.0,76.0171
105.0,0.346,115.0,2.03,-5.0,105.37656
105.0,0.346,115.0,2.03,-4.0,105.30931
105.0,0.346,115.0,2.03,57.0,101.36739999999999
105.0,0.346,115.0,2.03,84.0,99.71481
105.0,0.346,115.0,2.03,162.0,95.22963
105.0,0.346,115.0,2.03,201.0,93.13485
105.0,0.346,115.0,2.03,244.0,90.92904
105.0,0.346,115.0,2.03,285.0,88.92116
105.0,0.346,115.0,2.03,388.0,84.24623
105.0,0.346,115.0,2.03,582.0,76.65302
105.0,0.346,115.0,2.03,-26.0,106.80704
105.0,0.346,115.0,2.03,-17.0,106.18939999999999
105.0,0.346,115.0,2.03,44.0,102.1824
105.0,0.346,115.0,2.03,119.0,97.65101
105.0,0.346,115.0,2.03,140.0,96.45349
105.0,0.346,115.0,2.03,187.0,93.87606
105.0,0.346,115.0,2.03,256.0,90.332
105.0,0.346,115.0,2.03,305.0,87.97312
105.0,0.346,115.0,2.03,415.0,83.10068
105.0,0.346,115.0,2.03,613.0,75.56453
105.0,0.346,115.0,2.03,-1.0,105.10837
105.0,0.346,115.0,2.03,1.0,104.97463
105.0,0.346,115.0,2.03,62.0,101.05692
105.0,0.346,115.0,2.03,108.0,98.29054
105.0,0.346,115.0,2.03,137.0,96.62272
105.0,0.346,115.0,2.03,183.0,94.09002000000001
105.0,0.346,115.0,2.03,266.0,89.84029
105.0,0.346,115.0,2.03,307.0,87.87959
105.0,0.346,115.0,2.03,384.0,84.41836
105.0,0.346,115.0,2.03,619.0,75.35728
110.0,0.375,120.0,1.99,-35.0,112.62432000000001
110.0,0.375,120.0,1.99,6.0,109.63
110.0,0.375,120.0,1.99,56.0,106.18651
110.0,0.375,120.0,1.99,111.0,102.63994
110.0,0.375,120.0,1.99,150.0,100.26482
110.0,0.375,120.0,1.99,214.0,96.59629
110.0,0.375,120.0,1.99,245.0,94.91403
110.0,0.375,120.0,1.99,303.0,91.91844
110.0,0.375,120.0,1.99,396.0,87.48992
110.0,0.375,120.0,1.99,616.0,78.53504
105.0,0.346,120.0,2.08,-22.0,106.569
105.0,0.346,120.0,2.08,10.0,104.36155000000001
105.0,0.346,120.0,2.08,41.0,102.30851
105.0,0.346,120.0,2.08,116.0,97.65930999999999
105.0,0.346,120.0,2.08,155.0,95.40471000000001
105.0,0.346,120.0,2.08,182.0,93.90384
105.0,0.346,120.0,2.08,264.0,89.62078
105.0,0.346,120.0,2.08,304.0,87.66998
105.0,0.346,120.0,2.08,385.0,83.96832
105.0,0.346,120.0,2.08,619.0,74.83599000000001
105.0,0.346,115.0,2.03,-2.0,105.17537
105.0,0.346,115.0,2.03,16.0,103.98351
105.0,0.346,115.0,2.03,60.0,101.18058
105.0,0.346,115.0,2.03,98.0,98.87886999999999
105.0,0.346,115.0,2.03,130.0,97.02002
105.0,0.346,115.0,2.03,217.0,92.30153
105.0,0.346,115.0,2.03,269.0,89.69391999999999
105.0,0.346,115.0,2.03,286.0,88.87297
105.0,0.346,115.0,2.03,394.0,83.98885
105.0,0.346,115.0,2.03,618.0,75.3918
115.0,0.307,159.0,1.8699999999999997,-1.0,115.09998
115.0,0.307,159.0,1.8699999999999997,7.0,114.51075
115.0,0.307,159.0,1.8699999999999997,55.0,111.09574
115.0,0.307,159.0,1.8699999999999997,93.0,108.53344
115.0,0.307,159.0,1.8699999999999997,134.0,105.8977
115.0,0.307,159.0,1.8699999999999997,202.0,101.79723
115.0,0.307,159.0,1.8699999999999997,237.0,99.80796000000001
115.0,0.307,159.0,1.8699999999999997,296.0,96.62441
115.0,0.307,159.0,1.8699999999999997,382.0,92.33134
115.0,0.307,159.0,1.8699999999999997,597.0,83.09758000000001
105.0,0.35,123.0,2.08,-21.0,106.50019
105.0,0.35,123.0,2.08,1.0,104.97525999999999
105.0,0.35,123.0,2.08,58.0,101.2193
105.0,0.35,123.0,2.08,105.0,98.31867
105.0,0.35,123.0,2.08,169.0,94.62534
105.0,0.35,123.0,2.08,189.0,93.52733
105.0,0.35,123.0,2.08,254.0,90.12836999999999
105.0,0.35,123.0,2.08,309.0,87.43858
105.0,0.35,123.0,2.08,411.0,82.85282000000001
105.0,0.35,123.0,2.08,599.0,75.54699000000001
110.0,0.38,110.0,2.02,-4.0,110.35219000000001
110.0,0.38,110.0,2.02,-1.0,110.13308
110.0,0.38,110.0,2.02,56.0,106.13510000000001
110.0,0.38,110.0,2.02,108.0,102.73233
110.0,0.38,110.0,2.02,155.0,99.83878
110.0,0.38,110.0,2.02,183.0,98.19098
110.0,0.38,110.0,2.02,242.0,94.89048
110.0,0.38,110.0,2.02,284.0,92.67267
110.0,0.38,110.0,2.02,399.0,87.09701
110.0,0.38,110.0,2.02,615.0,78.2506
100.0,0.28,116.0,2.1199999999999997,-33.0,102.15287
100.0,0.28,116.0,2.1199999999999997,-15.0,100.9748
100.0,0.28,116.0,2.1199999999999997,48.0,97.05583
100.0,0.28,116.0,2.1199999999999997,83.0,95.00703999999999
100.0,0.28,116.0,2.1199999999999997,161.0,90.73848
100.0,0.28,116.0,2.1199999999999997,218.0,87.85335
100.0,0.28,116.0,2.1199999999999997,258.0,85.93601
100.0,0.28,116.0,2.1199999999999997,285.0,84.68811
100.0,0.28,116.0,2.1199999999999997,414.0,79.19342
100.0,0.28,116.0,2.1199999999999997,588.0,72.81896
105.0,0.346,115.0,2.03,-40.0,107.78277
105.0,0.346,115.0,2.03,9.0,104.44364999999999
105.0,0.346,115.0,2.03,42.0,102.30914
105.0,0.346,115.0,2.03,119.0,97.65101
105.0,0.346,115.0,2.03,157.0,95.50509
105.0,0.346,115.0,2.03,201.0,93.13485
105.0,0.346,115.0,2.03,257.0,90.28255
105.0,0.346,115.0,2.03,295.0,88.44435
105.0,0.346,115.0,2.03,397.0,83.86088000000001
105.0,0.346,115.0,2.03,613.0,75.56453
110.0,0.375,140.0,1.91,-38.0,112.73476
110.0,0.375,140.0,1.91,-17.0,111.23977000000001
110.0,0.375,140.0,1.91,63.0,105.88961
110.0,0.375,140.0,1.91,97.0,103.76788
110.0,0.375,140.0,1.91,133.0,101.61205
110.0,0.375,140.0,1.91,215.0,97.02025
110.0,0.375,140.0,1.91,269.0,94.216
110.0,0.375,140.0,1.91,318.0,91.80771
110.0,0.375,140.0,1.91,400.0,88.04099000000001
110.0,0.375,140.0,1.91,594.0,80.24833
100.0,0.28,116.0,2.1199999999999997,-25.0,101.62608
100.0,0.28,116.0,2.1199999999999997,8.0,99.50758
100.0,0.28,116.0,2.1199999999999997,68.0,95.8745
100.0,0.28,116.0,2.1199999999999997,80.0,95.17939
100.0,0.28,116.0,2.1199999999999997,130.0,92.38851
100.0,0.28,116.0,2.1199999999999997,216.0,87.95149
100.0,0.28,116.0,2.1199999999999997,264.0,85.65533
100.0,0.28,116.0,2.1199999999999997,310.0,83.56465
100.0,0.28,116.0,2.1199999999999997,398.0,79.83573
100.0,0.28,116.0,2.1199999999999997,616.0,71.88745
115.0,0.28,180.0,1.8399999999999996,-22.0,116.64088000000001
115.0,0.28,180.0,1.8399999999999996,8.0,114.43515
115.0,0.28,180.0,1.8399999999999996,65.0,110.46579
115.0,0.28,180.0,1.8399999999999996,109.0,107.58464
115.0,0.28,180.0,1.8399999999999996,145.0,105.33664
115.0,0.28,180.0,1.8399999999999996,212.0,101.39325
115.0,0.28,180.0,1.8399999999999996,264.0,98.53039
115.0,0.28,180.0,1.8399999999999996,292.0,97.05489999999999
115.0,0.28,180.0,1.8399999999999996,398.0,91.84621000000001
115.0,0.28,180.0,1.8399999999999996,580.0,84.09543
110.0,0.38,110.0,2.02,-5.0,110.42496000000001
110.0,0.38,110.0,2.02,13.0,109.12353999999999
110.0,0.38,110.0,2.02,36.0,107.5045
110.0,0.38,110.0,2.02,108.0,102.73233
110.0,0.38,110.0,2.02,149.0,100.19909
110.0,0.38,110.0,2.02,182.0,98.24860000000001
110.0,0.38,110.0,2.02,257.0,94.08608
110.0,0.38,110.0,2.02,318.0,90.95136
110.0,0.38,110.0,2.02,412.0,86.50883
110.0,0.38,110.0,2.02,582.0,79.48436
110.0,0.375,140.0,1.91,-15.0,111.09926
110.0,0.375,140.0,1.91,-20.0,111.45066
110.0,0.375,140.0,1.91,38.0,107.50522
110.0,0.375,140.0,1.91,109.0,103.03921000000001
110.0,0.375,140.0,1.91,160.0,100.05285
110.0,0.375,140.0,1.91,211.0,97.23463000000001
110.0,0.375,140.0,1.91,263.0,94.51944
110.0,0.375,140.0,1.91,289.0,93.21793
110.0,0.375,140.0,1.91,410.0,87.60271
110.0,0.375,140.0,1.91,587.0,80.50555
110.0,0.375,120.0,1.99,-21.0,111.58347
110.0,0.375,120.0,1.99,-2.0,110.20158
110.0,0.375,120.0,1.99,50.0,106.58825999999999
110.0,0.375,120.0,1.99,105.0,103.01531
110.0,0.375,120.0,1.99,146.0,100.50345
110.0,0.375,120.0,1.99,219.0,96.32117
110.0,0.375,120.0,1.99,249.0,94.70111
110.0,0.375,120.0,1.99,310.0,91.56939999999999
110.0,0.375,120.0,1.99,399.0,87.35400999999999
110.0,0.375,120.0,1.99,598.0,79.19865
110.0,0.375,120.0,1.99,-4.0,110.34567999999999
110.0,0.375,120.0,1.99,-1.0,110.12951
110.0,0.375,120.0,1.99,53.0,106.38683999999999
110.0,0.375,120.0,1.99,106.0,102.95230000000001
110.0,0.375,120.0,1.99,161.0,99.61461
110.0,0.375,120.0,1.99,182.0,98.3966
110.0,0.375,120.0,1.99,231.0,95.66638999999999
110.0,0.375,120.0,1.99,294.0,92.3707
110.0,0.375,120.0,1.99,407.0,86.99406
110.0,0.375,120.0,1.99,609.0,78.79166000000001
110.0,0.38,110.0,2.02,-38.0,112.89349
110.0,0.38,110.0,2.02,18.0,108.76778
110.0,0.38,110.0,2.02,52.0,106.40619000000001
110.0,0.38,110.0,2.02,92.0,103.75592
110.0,0.38,110.0,2.02,140.0,100.74443
110.0,0.38,110.0,2.02,203.0,97.04681
110.0,0.38,110.0,2.02,263.0,93.76823
110.0,0.38,110.0,2.02,312.0,91.25043
110.0,0.38,110.0,2.02,398.0,87.14285000000001
110.0,0.38,110.0,2.02,616.0,78.21378
105.0,0.346,115.0,2.03,-18.0,106.25779
105.0,0.346,115.0,2.03,-3.0,105.24213
105.0,0.346,115.0,2.03,38.0,102.56293
105.0,0.346,115.0,2.03,80.0,99.9562
105.0,0.346,115.0,2.03,147.0,96.06052000000001
105.0,0.346,115.0,2.03,195.0,93.45099
105.0,0.346,115.0,2.03,234.0,91.43249
105.0,0.346,115.0,2.03,312.0,87.64622
105.0,0.346,115.0,2.03,400.0,83.7333
105.0,0.346,115.0,2.03,613.0,75.56453
110.0,0.38,137.0,1.89,-12.0,110.88264
110.0,0.38,137.0,1.89,-11.0,110.8137
110.0,0.38,137.0,1.89,34.0,107.79585
110.0,0.38,137.0,1.89,99.0,103.71555000000001
110.0,0.38,137.0,1.89,153.0,100.55259
110.0,0.38,137.0,1.89,207.0,97.57666
110.0,0.38,137.0,1.89,233.0,96.20542999999999
110.0,0.38,137.0,1.89,291.0,93.28134
110.0,0.38,137.0,1.89,381.0,89.07889
110.0,0.38,137.0,1.89,589.0,80.67545
110.0,0.28,123.0,1.86,-29.0,112.00449
110.0,0.28,123.0,1.86,0.0,110.01469
110.0,0.28,123.0,1.86,37.0,107.57609
110.0,0.28,123.0,1.86,95.0,103.96321
110.0,0.28,123.0,1.86,153.0,100.58537
110.0,0.28,123.0,1.86,180.0,99.08639
110.0,0.28,123.0,1.86,237.0,96.06383
110.0,0.28,123.0,1.86,316.0,92.16702000000001
110.0,0.28,123.0,1.86,393.0,88.66103
110.0,0.28,123.0,1.86,603.0,80.32531
115.0,0.307,159.0,1.8699999999999997,-32.0,117.44317
115.0,0.307,159.0,1.8699999999999997,3.0,114.80461
115.0,0.307,159.0,1.8699999999999997,53.0,111.23403
115.0,0.307,159.0,1.8699999999999997,90.0,108.73139
115.0,0.307,159.0,1.8699999999999997,167.0,103.86757
115.0,0.307,159.0,1.8699999999999997,202.0,101.79723
115.0,0.307,159.0,1.8699999999999997,243.0,99.47448
115.0,0.307,159.0,1.8699999999999997,289.0,96.99155
115.0,0.307,159.0,1.8699999999999997,413.0,90.87561
115.0,0.307,159.0,1.8699999999999997,619.0,82.25571000000001
115.0,0.307,345.0,1.77,-2.0,115.16636
115.0,0.307,345.0,1.77,1.0,114.95624000000001
115.0,0.307,345.0,1.77,60.0,110.9722
115.0,0.307,345.0,1.77,100.0,108.42469
115.0,0.307,345.0,1.77,164.0,104.58251
115.0,0.307,345.0,1.77,203.0,102.37181
115.0,0.307,345.0,1.77,260.0,99.3034
115.0,0.307,345.0,1.77,294.0,97.5591
115.0,0.307,345.0,1.77,399.0,92.53864
115.0,0.307,345.0,1.77,617.0,83.60324
105.0,0.346,115.0,2.03,-33.0,107.29286
105.0,0.346,115.0,2.03,2.0,104.9082
105.0,0.346,115.0,2.03,34.0,102.81830000000001
105.0,0.346,115.0,2.03,84.0,99.71481
105.0,0.346,115.0,2.03,137.0,96.62272
105.0,0.346,115.0,2.03,217.0,92.30153
105.0,0.346,115.0,2.03,235.0,91.38208
105.0,0.346,115.0,2.03,299.0,88.25546
105.0,0.346,115.0,2.03,415.0,83.10068
105.0,0.346,115.0,2.03,616.0,75.46088
105.0,0.346,123.0,2.08,-25.0,106.78069
105.0,0.346,123.0,2.08,-14.0,106.00869999999999
105.0,0.346,123.0,2.08,37.0,102.56862
105.0,0.346,123.0,2.08,82.0,99.71332000000001
105.0,0.346,123.0,2.08,144.0,96.03007000000001
105.0,0.346,123.0,2.08,213.0,92.23739
105.0,0.346,123.0,2.08,258.0,89.92083
105.0,0.346,123.0,2.08,315.0,87.14825
105.0,0.346,123.0,2.08,412.0,82.80265
105.0,0.346,123.0,2.08,599.0,75.53847999999999
110.0,0.341,160.0,1.82,-23.0,111.57422
110.0,0.341,160.0,1.82,13.0,109.19252
110.0,0.341,160.0,1.82,43.0,107.28427
110.0,0.341,160.0,1.82,104.0,103.60210000000001
110.0,0.341,160.0,1.82,150.0,100.98841
110.0,0.341,160.0,1.82,181.0,99.2999
110.0,0.341,160.0,1.82,261.0,95.19189999999999
110.0,0.341,160.0,1.82,309.0,92.88592
110.0,0.341,160.0,1.82,398.0,88.89236
110.0,0.341,160.0,1.82,597.0,81.09459
207.0,0.31,60.7,1.3099999999999998,-22.0,210.80985
207.0,0.31,60.7,1.3099999999999998,-17.0,209.94398999999999
207.0,0.31,60.7,1.3099999999999998,47.0,199.44813
207.0,0.31,60.7,1.3099999999999998,118.0,188.96438
207.0,0.31,60.7,1.3099999999999998,168.0,182.21894
207.0,0.31,60.7,1.3099999999999998,218.0,175.93768
207.0,0.31,60.7,1.3099999999999998,257.0,171.3307
207.0,0.31,60.7,1.3099999999999998,288.0,167.83660999999998
207.0,0.31,60.7,1.3099999999999998,408.0,155.55519
207.0,0.31,60.7,1.3099999999999998,618.0,137.88934
100.0,0.28,116.0,2.1199999999999997,-20.0,101.29924000000001
100.0,0.28,116.0,2.1199999999999997,-15.0,100.9748
100.0,0.28,116.0,2.1199999999999997,69.0,95.81633000000001
100.0,0.28,116.0,2.1199999999999997,89.0,94.66448
100.0,0.28,116.0,2.1199999999999997,152.0,91.21127
100.0,0.28,116.0,2.1199999999999997,183.0,89.60283
100.0,0.28,116.0,2.1199999999999997,250.0,86.31257000000001
100.0,0.28,116.0,2.1199999999999997,299.0,84.05521
100.0,0.28,116.0,2.1199999999999997,401.0,79.71479
100.0,0.28,116.0,2.1199999999999997,609.0,72.11811
110.0,0.38,110.0,2.02,-36.0,112.74077
110.0,0.38,110.0,2.02,-12.0,110.93982000000001
110.0,0.38,110.0,2.02,34.0,107.64338000000001
110.0,0.38,110.0,2.02,108.0,102.73233
110.0,0.38,110.0,2.02,155.0,99.83878
110.0,0.38,110.0,2.02,213.0,96.48464
110.0,0.38,110.0,2.02,246.0,94.67471
110.0,0.38,110.0,2.02,309.0,91.40071
110.0,0.38,110.0,2.02,413.0,86.46387
110.0,0.38,110.0,2.02,607.0,78.54617
105.0,0.346,115.0,2.03,-28.0,106.9455
105.0,0.346,115.0,2.03,6.0,104.64206
105.0,0.346,115.0,2.03,35.0,102.75427
105.0,0.346,115.0,2.03,105.0,98.46627000000001
105.0,0.346,115.0,2.03,145.0,96.17255
105.0,0.346,115.0,2.03,184.0,94.03664
105.0,0.346,115.0,2.03,252.0,90.53014999999999
105.0,0.346,115.0,2.03,280.0,89.16112
105.0,0.346,115.0,2.03,392.0,84.07433
105.0,0.346,115.0,2.03,586.0,76.51084
105.0,0.35,115.0,2.03,-26.0,106.80871
105.0,0.35,115.0,2.03,-11.0,105.78292
105.0,0.35,115.0,2.03,62.0,101.06028
105.0,0.35,115.0,2.03,110.0,98.17758
105.0,0.35,115.0,2.03,156.0,95.56508
105.0,0.35,115.0,2.03,185.0,93.98808
105.0,0.35,115.0,2.03,247.0,90.78502
105.0,0.35,115.0,2.03,309.0,87.79267
105.0,0.35,115.0,2.03,418.0,82.9827
105.0,0.35,115.0,2.03,610.0,75.67685
110.0,0.375,140.0,1.91,-14.0,111.02933999999999
110.0,0.375,140.0,1.91,15.0,109.03612
110.0,0.375,140.0,1.91,45.0,107.04804
110.0,0.375,140.0,1.91,103.0,103.40241999999999
110.0,0.375,140.0,1.91,151.0,100.56746000000001
110.0,0.375,140.0,1.91,200.0,97.82911999999999
110.0,0.375,140.0,1.91,235.0,95.96238000000001
110.0,0.375,140.0,1.91,291.0,93.11914999999999
110.0,0.375,140.0,1.91,409.0,87.64605
110.0,0.375,140.0,1.91,603.0,79.92012
115.0,0.307,189.0,1.8399999999999996,-12.0,115.90644999999999
115.0,0.307,189.0,1.8399999999999996,8.0,114.44669
115.0,0.307,189.0,1.8399999999999996,51.0,111.42965
115.0,0.307,189.0,1.8399999999999996,109.0,107.60265
115.0,0.307,189.0,1.8399999999999996,160.0,104.44777
115.0,0.307,189.0,1.8399999999999996,208.0,101.64319
115.0,0.307,189.0,1.8399999999999996,234.0,100.18584
115.0,0.307,189.0,1.8399999999999996,282.0,97.60197
115.0,0.307,189.0,1.8399999999999996,417.0,91.00002
115.0,0.307,189.0,1.8399999999999996,597.0,83.46947
110.0,0.375,120.0,1.99,-6.0,110.48979
110.0,0.375,120.0,1.99,-5.0,110.41734
110.0,0.375,120.0,1.99,33.0,107.74327000000001
110.0,0.375,120.0,1.99,94.0,103.71039999999999
110.0,0.375,120.0,1.99,142.0,100.74291000000001
110.0,0.375,120.0,1.99,185.0,98.22486
110.0,0.375,120.0,1.99,263.0,93.96349000000001
110.0,0.375,120.0,1.99,307.0,91.71871
110.0,0.375,120.0,1.99,406.0,87.03888
110.0,0.375,120.0,1.99,613.0,78.64489999999999
110.0,0.28,123.0,1.86,-14.0,110.96633
110.0,0.28,123.0,1.86,-7.0,110.48846
110.0,0.28,123.0,1.86,34.0,107.76985
110.0,0.28,123.0,1.86,110.0,103.06827
110.0,0.28,123.0,1.86,131.0,101.84064
110.0,0.28,123.0,1.86,216.0,97.15558999999999
110.0,0.28,123.0,1.86,231.0,96.37341
110.0,0.28,123.0,1.86,319.0,92.02517999999999
110.0,0.28,123.0,1.86,387.0,88.92451
110.0,0.28,123.0,1.86,599.0,80.4696
110.0,0.341,160.0,1.82,-32.0,112.18558
110.0,0.341,160.0,1.82,-13.0,110.9023
110.0,0.341,160.0,1.82,64.0,105.98739
110.0,0.341,160.0,1.82,114.0,103.02266
110.0,0.341,160.0,1.82,130.0,102.10871
110.0,0.341,160.0,1.82,183.0,99.19288
110.0,0.341,160.0,1.82,269.0,94.79963000000001
110.0,0.341,160.0,1.82,310.0,92.83878999999999
110.0,0.341,160.0,1.82,381.0,89.62853999999999
110.0,0.341,160.0,1.82,592.0,81.27378999999999
105.0,0.346,115.0,2.03,-32.0,107.22313
105.0,0.346,115.0,2.03,5.0,104.70879
105.0,0.346,115.0,2.03,53.0,101.61655
105.0,0.346,115.0,2.03,112.0,98.05680000000001
105.0,0.346,115.0,2.03,141.0,96.39683000000001
105.0,0.346,115.0,2.03,219.0,92.19830999999999
105.0,0.346,115.0,2.03,242.0,91.02919
105.0,0.346,115.0,2.03,286.0,88.87297
105.0,0.346,115.0,2.03,397.0,83.86088000000001
105.0,0.346,115.0,2.03,591.0,76.33377
105.0,0.346,123.0,2.08,-23.0,106.63925
105.0,0.346,123.0,2.08,-18.0,106.28795
105.0,0.346,123.0,2.08,47.0,101.92019
105.0,0.346,123.0,2.08,101.0,98.55511
105.0,0.346,123.0,2.08,163.0,94.95494000000001
105.0,0.346,123.0,2.08,185.0,93.73973
105.0,0.346,123.0,2.08,266.0,89.52132
105.0,0.346,123.0,2.08,289.0,88.39155000000001
105.0,0.346,123.0,2.08,416.0,82.63267
105.0,0.346,123.0,2.08,594.0,75.71619
110.0,0.38,137.0,1.89,-22.0,111.57704
110.0,0.38,137.0,1.89,8.0,109.51937
110.0,0.38,137.0,1.89,43.0,107.21194
110.0,0.38,137.0,1.89,115.0,102.75768
110.0,0.38,137.0,1.89,151.0,100.66621
110.0,0.38,137.0,1.89,196.0,98.1687
110.0,0.38,137.0,1.89,267.0,94.46956
110.0,0.38,137.0,1.89,305.0,92.60181
110.0,0.38,137.0,1.89,417.0,87.50174000000001
110.0,0.38,137.0,1.89,582.0,80.9327
110.0,0.28,123.0,1.86,-4.0,110.28482000000001
110.0,0.28,123.0,1.86,-9.0,110.62451
110.0,0.28,123.0,1.86,35.0,107.70474
110.0,0.28,123.0,1.86,109.0,103.12728
110.0,0.28,123.0,1.86,140.0,101.32315
110.0,0.28,123.0,1.86,214.0,97.26111
110.0,0.28,123.0,1.86,230.0,96.42502
110.0,0.28,123.0,1.86,300.0,92.93047
110.0,0.28,123.0,1.86,417.0,87.62205
110.0,0.28,123.0,1.86,582.0,81.08796000000001
115.0,0.307,159.0,1.8699999999999997,-40.0,118.06378
115.0,0.307,159.0,1.8699999999999997,-7.0,115.54606
115.0,0.307,159.0,1.8699999999999997,48.0,111.58114
115.0,0.307,159.0,1.8699999999999997,96.0,108.33621000000001
115.0,0.307,159.0,1.8699999999999997,158.0,104.41341
115.0,0.307,159.0,1.8699999999999997,189.0,102.55646
115.0,0.307,159.0,1.8699999999999997,269.0,98.05561
115.0,0.307,159.0,1.8699999999999997,293.0,96.78161999999999
115.0,0.307,159.0,1.8699999999999997,396.0,91.66803999999999
115.0,0.307,159.0,1.8699999999999997,617.0,82.33161
115.0,0.307,159.0,1.8699999999999997,-26.0,116.98236999999999
115.0,0.307,159.0,1.8699999999999997,11.0,114.21803999999999
115.0,0.307,159.0,1.8699999999999997,54.0,111.16467
115.0,0.307,159.0,1.8699999999999997,107.0,107.61899000000001
115.0,0.307,159.0,1.8699999999999997,137.0,105.70991000000001
115.0,0.307,159.0,1.8699999999999997,183.0,102.91061
115.0,0.307,159.0,1.8699999999999997,263.0,98.37935
115.0,0.307,159.0,1.8699999999999997,315.0,95.64201
115.0,0.307,159.0,1.8699999999999997,407.0,91.15369
115.0,0.307,159.0,1.8699999999999997,614.0,82.44559
105.0,0.35,123.0,2.08,-32.0,107.27935000000001
105.0,0.35,123.0,2.08,12.0,104.2287
105.0,0.35,123.0,2.08,43.0,102.18145
105.0,0.35,123.0,2.08,96.0,98.86127
105.0,0.35,123.0,2.08,139.0,96.32159
105.0,0.35,123.0,2.08,205.0,92.66719
105.0,0.35,123.0,2.08,258.0,89.92712
105.0,0.35,123.0,2.08,294.0,88.15637
105.0,0.35,123.0,2.08,389.0,83.80084
105.0,0.35,123.0,2.08,590.0,75.86736
105.0,0.346,115.0,2.03,-27.0,106.87656
105.0,0.346,115.0,2.03,-5.0,105.37656
105.0,0.346,115.0,2.03,66.0,100.81019
105.0,0.346,115.0,2.03,83.0,99.77482
105.0,0.346,115.0,2.03,169.0,94.8468
105.0,0.346,115.0,2.03,180.0,94.25107000000001
105.0,0.346,115.0,2.03,263.0,89.98741
105.0,0.346,115.0,2.03,311.0,87.69283
105.0,0.346,115.0,2.03,399.0,83.77563
105.0,0.346,115.0,2.03,599.0,76.05239999999999
112.0,0.38,49.0,1.4,-31.0,113.70424
112.0,0.38,49.0,1.4,-10.0,112.58602
112.0,0.38,49.0,1.4,43.0,109.85986
112.0,0.38,49.0,1.4,117.0,106.26702
112.0,0.38,49.0,1.4,135.0,105.42792
112.0,0.38,49.0,1.4,183.0,103.25422999999999
112.0,0.38,49.0,1.4,254.0,100.19819
112.0,0.38,49.0,1.4,305.0,98.11224
112.0,0.38,49.0,1.4,414.0,93.93164999999999
112.0,0.38,49.0,1.4,615.0,87.08664
105.0,0.346,115.0,2.03,-36.0,107.50223
105.0,0.346,115.0,2.03,6.0,104.64206
105.0,0.346,115.0,2.03,31.0,103.01089999999999
105.0,0.346,115.0,2.03,110.0,98.17353
105.0,0.346,115.0,2.03,150.0,95.89325
105.0,0.346,115.0,2.03,194.0,93.50399
105.0,0.346,115.0,2.03,248.0,90.72917
105.0,0.346,115.0,2.03,310.0,87.73926
105.0,0.346,115.0,2.03,394.0,83.98885
105.0,0.346,115.0,2.03,600.0,76.0171
105.0,0.346,115.0,2.03,-6.0,105.44358
105.0,0.346,115.0,2.03,-11.0,105.78125999999999
105.0,0.346,115.0,2.03,47.0,101.99319
105.0,0.346,115.0,2.03,104.0,98.52479
105.0,0.346,115.0,2.03,149.0,95.94903
105.0,0.346,115.0,2.03,182.0,94.14374000000001
105.0,0.346,115.0,2.03,261.0,90.08547999999999
105.0,0.346,115.0,2.03,300.0,88.20799000000001
105.0,0.346,115.0,2.03,384.0,84.41836
105.0,0.346,115.0,2.03,605.0,75.84247
115.0,0.307,173.0,1.86,-11.0,115.84158000000001
115.0,0.307,173.0,1.86,-18.0,116.36613
115.0,0.307,173.0,1.86,55.0,111.11611
115.0,0.307,173.0,1.86,84.0,109.1595
115.0,0.307,173.0,1.86,157.0,104.52575
115.0,0.307,173.0,1.86,180.0,103.14603
115.0,0.307,173.0,1.86,247.0,99.32649
115.0,0.307,173.0,1.86,309.0,99.32649
115.0,0.307,173.0,1.86,387.0,92.19153
115.0,0.307,173.0,1.86,580.0,83.88212
110.0,0.375,140.0,1.91,-11.0,110.81966
110.0,0.375,140.0,1.91,0.0,110.05822
110.0,0.375,140.0,1.91,49.0,106.7884
110.0,0.375,140.0,1.91,83.0,104.63095
110.0,0.375,140.0,1.91,166.0,99.71329
110.0,0.375,140.0,1.91,217.0,96.91356
110.0,0.375,140.0,1.91,244.0,95.49388
110.0,0.375,140.0,1.91,283.0,93.515
110.0,0.375,140.0,1.91,396.0,88.21731
110.0,0.375,140.0,1.91,614.0,79.52267
105.0,0.346,115.0,2.03,-6.0,105.44358
105.0,0.346,115.0,2.03,-3.0,105.24213
105.0,0.346,115.0,2.03,44.0,102.1824
105.0,0.346,115.0,2.03,116.0,97.82447
105.0,0.346,115.0,2.03,166.0,95.01044999999999
105.0,0.346,115.0,2.03,202.0,93.08201
105.0,0.346,115.0,2.03,239.0,91.17994999999999
105.0,0.346,115.0,2.03,299.0,88.25546
105.0,0.346,115.0,2.03,393.0,84.0317
105.0,0.346,115.0,2.03,612.0,75.59900999999999
110.0,0.38,110.0,2.02,-34.0,112.58847
110.0,0.38,110.0,2.02,-18.0,111.38465
110.0,0.38,110.0,2.02,52.0,106.40619000000001
110.0,0.38,110.0,2.02,110.0,102.6058
110.0,0.38,110.0,2.02,147.0,100.31977
110.0,0.38,110.0,2.02,203.0,97.04681
110.0,0.38,110.0,2.02,234.0,95.32469999999999
110.0,0.38,110.0,2.02,282.0,92.77594
110.0,0.38,110.0,2.02,407.0,86.73396000000001
110.0,0.38,110.0,2.02,607.0,78.54617
100.0,0.28,116.0,2.1199999999999997,-33.0,102.15287
100.0,0.28,116.0,2.1199999999999997,-10.0,100.65212
100.0,0.28,116.0,2.1199999999999997,56.0,96.57983
100.0,0.28,116.0,2.1199999999999997,103.0,93.87497
100.0,0.28,116.0,2.1199999999999997,153.0,91.15834
100.0,0.28,116.0,2.1199999999999997,214.0,88.05008000000001
100.0,0.28,116.0,2.1199999999999997,244.0,86.59735
100.0,0.28,116.0,2.1199999999999997,297.0,84.14505
100.0,0.28,116.0,2.1199999999999997,403.0,79.63394
100.0,0.28,116.0,2.1199999999999997,611.0,72.05189999999999
115.0,0.3,130.0,1.8,-6.0,115.45244
115.0,0.3,130.0,1.8,5.0,114.66802
115.0,0.3,130.0,1.8,35.0,112.58265
115.0,0.3,130.0,1.8,87.0,109.14201
115.0,0.3,130.0,1.8,152.0,105.12528
115.0,0.3,130.0,1.8,181.0,103.42715
115.0,0.3,130.0,1.8,233.0,100.51531
115.0,0.3,130.0,1.8,289.0,97.55682
115.0,0.3,130.0,1.8,416.0,91.45213000000001
115.0,0.3,130.0,1.8,580.0,84.61242999999999
115.0,0.307,173.0,1.86,-25.0,116.89578999999999
115.0,0.307,173.0,1.86,-17.0,116.291
115.0,0.307,173.0,1.86,59.0,110.84226
115.0,0.307,173.0,1.86,82.0,109.2923
115.0,0.307,173.0,1.86,130.0,106.19299000000001
115.0,0.307,173.0,1.86,186.0,102.79217999999999
115.0,0.307,173.0,1.86,230.0,100.26846
115.0,0.307,173.0,1.86,283.0,97.38853999999999
115.0,0.307,173.0,1.86,383.0,92.38127
115.0,0.307,173.0,1.86,604.0,82.95223
110.0,0.38,137.0,1.89,-11.0,110.8137
110.0,0.38,137.0,1.89,4.0,109.78919
110.0,0.38,137.0,1.89,68.0,105.62214
110.0,0.38,137.0,1.89,102.0,103.53446000000001
110.0,0.38,137.0,1.89,158.0,100.26965
110.0,0.38,137.0,1.89,182.0,98.93219
110.0,0.38,137.0,1.89,263.0,94.67067
110.0,0.38,137.0,1.89,285.0,93.57538000000001
110.0,0.38,137.0,1.89,406.0,87.97780999999999
110.0,0.38,137.0,1.89,589.0,80.67545
110.0,0.38,110.0,2.02,-16.0,111.23598
110.0,0.38,110.0,2.02,-10.0,110.79233
110.0,0.38,110.0,2.02,68.0,105.33004
110.0,0.38,110.0,2.02,80.0,104.53707
110.0,0.38,110.0,2.02,150.0,100.13886
110.0,0.38,110.0,2.02,204.0,96.99001
110.0,0.38,110.0,2.02,264.0,93.71573
110.0,0.38,110.0,2.02,317.0,91.00108
110.0,0.38,110.0,2.02,413.0,86.46387
110.0,0.38,110.0,2.02,615.0,78.2506
110.0,0.38,110.0,2.02,-27.0,112.05825999999999
110.0,0.38,110.0,2.02,-3.0,110.27883
110.0,0.38,110.0,2.02,69.0,105.26382000000001
110.0,0.38,110.0,2.02,86.0,104.14504
110.0,0.38,110.0,2.02,135.0,101.04997
110.0,0.38,110.0,2.02,188.0,97.90213
110.0,0.38,110.0,2.02,237.0,95.16129
110.0,0.38,110.0,2.02,285.0,92.62086000000001
110.0,0.38,110.0,2.02,400.0,87.05171
110.0,0.38,110.0,2.02,601.0,78.76931
115.0,0.307,189.0,1.8399999999999996,-22.0,116.65033
115.0,0.307,189.0,1.8399999999999996,-12.0,115.90644999999999
115.0,0.307,189.0,1.8399999999999996,30.0,112.88305
115.0,0.307,189.0,1.8399999999999996,100.0,108.17900999999999
115.0,0.307,189.0,1.8399999999999996,143.0,105.47868
115.0,0.307,189.0,1.8399999999999996,196.0,102.33030000000001
115.0,0.307,189.0,1.8399999999999996,245.0,99.58153
115.0,0.307,189.0,1.8399999999999996,296.0,96.87337
115.0,0.307,189.0,1.8399999999999996,387.0,92.3887
115.0,0.307,189.0,1.8399999999999996,614.0,82.82222
115.0,0.3,130.0,1.8,-2.0,115.16566
115.0,0.3,130.0,1.8,-2.0,115.16566
115.0,0.3,130.0,1.8,54.0,111.30057000000001
115.0,0.3,130.0,1.8,117.0,107.25048
115.0,0.3,130.0,1.8,160.0,104.65116
115.0,0.3,130.0,1.8,189.0,102.96816
115.0,0.3,130.0,1.8,252.0,99.49142
115.0,0.3,130.0,1.8,302.0,96.8948
115.0,0.3,130.0,1.8,388.0,92.73139
115.0,0.3,130.0,1.8,602.0,83.77189
105.0,0.346,115.0,2.02,-25.0,106.72974
105.0,0.346,115.0,2.02,-19.0,106.31949
105.0,0.346,115.0,2.02,31.0,103.02046
105.0,0.346,115.0,2.02,105.0,98.49654
105.0,0.346,115.0,2.02,155.0,95.65783
105.0,0.346,115.0,2.02,217.0,92.35682000000001
105.0,0.346,115.0,2.02,236.0,91.39035000000001
105.0,0.346,115.0,2.02,308.0,87.9037
105.0,0.346,115.0,2.02,381.0,84.6295
105.0,0.346,115.0,2.02,588.0,76.54267
100.0,0.28,116.0,2.1199999999999997,-37.0,102.41847
100.0,0.28,116.0,2.1199999999999997,-6.0,100.39558
100.0,0.28,116.0,2.1199999999999997,50.0,96.93638
100.0,0.28,116.0,2.1199999999999997,116.0,93.15316
100.0,0.28,116.0,2.1199999999999997,167.0,90.42592
100.0,0.28,116.0,2.1199999999999997,214.0,88.05008000000001
100.0,0.28,116.0,2.1199999999999997,239.0,86.83623
100.0,0.28,116.0,2.1199999999999997,291.0,84.41571
100.0,0.28,116.0,2.1199999999999997,403.0,79.63394
100.0,0.28,116.0,2.1199999999999997,580.0,73.08931
110.0,0.38,110.0,2.02,-32.0,112.43657
110.0,0.38,110.0,2.02,-3.0,110.27883
110.0,0.38,110.0,2.02,43.0,107.02121000000001
110.0,0.38,110.0,2.02,99.0,103.30561999999999
110.0,0.38,110.0,2.02,139.0,100.80539
110.0,0.38,110.0,2.02,211.0,96.59656
110.0,0.38,110.0,2.02,233.0,95.37957
110.0,0.38,110.0,2.02,292.0,92.26191
110.0,0.38,110.0,2.02,383.0,87.83228
110.0,0.38,110.0,2.02,604.0,78.65756
190.0,0.22,26.8,1.8999999999999997,-28.0,195.93586
190.0,0.22,26.8,1.8999999999999997,15.0,186.96206
190.0,0.22,26.8,1.8999999999999997,33.0,183.44463000000002
190.0,0.22,26.8,1.8999999999999997,119.0,168.31443
190.0,0.22,26.8,1.8999999999999997,153.0,162.99806
190.0,0.22,26.8,1.8999999999999997,197.0,156.5967
190.0,0.22,26.8,1.8999999999999997,269.0,147.14028
190.0,0.22,26.8,1.8999999999999997,291.0,144.47384
190.0,0.22,26.8,1.8999999999999997,413.0,131.27951000000002
190.0,0.22,26.8,1.8999999999999997,592.0,115.76232
115.0,0.307,189.0,1.8399999999999996,-14.0,116.05453999999999
115.0,0.307,189.0,1.8399999999999996,-19.0,116.42624
115.0,0.307,189.0,1.8399999999999996,63.0,110.6153
115.0,0.307,189.0,1.8399999999999996,92.0,108.69699
115.0,0.307,189.0,1.8399999999999996,144.0,105.41761
115.0,0.307,189.0,1.8399999999999996,186.0,102.90965
115.0,0.307,189.0,1.8399999999999996,249.0,99.36382
115.0,0.307,189.0,1.8399999999999996,280.0,97.70703999999999
115.0,0.307,189.0,1.8399999999999996,414.0,91.13698
115.0,0.307,189.0,1.8399999999999996,583.0,84.01039
105.0,0.346,115.0,2.03,-40.0,107.78277
105.0,0.346,115.0,2.03,-4.0,105.30931
105.0,0.346,115.0,2.03,42.0,102.30914
105.0,0.346,115.0,2.03,119.0,97.65101
105.0,0.346,115.0,2.03,165.0,95.06494
105.0,0.346,115.0,2.03,208.0,92.76836
105.0,0.346,115.0,2.03,260.0,90.13474000000001
105.0,0.346,115.0,2.03,301.0,88.16107000000001
105.0,0.346,115.0,2.03,387.0,84.28908
105.0,0.346,115.0,2.03,611.0,75.63392999999999
115.0,0.307,159.0,1.8699999999999997,-9.0,115.69564
115.0,0.307,159.0,1.8699999999999997,-6.0,115.47158999999999
115.0,0.307,159.0,1.8699999999999997,44.0,111.8605
115.0,0.307,159.0,1.8699999999999997,80.0,109.39672
115.0,0.307,159.0,1.8699999999999997,134.0,105.8977
115.0,0.307,159.0,1.8699999999999997,218.0,100.8781
115.0,0.307,159.0,1.8699999999999997,242.0,99.53005999999999
115.0,0.307,159.0,1.8699999999999997,281.0,97.41445
115.0,0.307,159.0,1.8699999999999997,400.0,91.48046000000001
115.0,0.307,159.0,1.8699999999999997,587.0,83.48625
115.0,0.307,189.0,1.8399999999999996,-18.0,116.3515
115.0,0.307,189.0,1.8399999999999996,7.0,114.51901
115.0,0.307,189.0,1.8399999999999996,46.0,111.77199
115.0,0.307,189.0,1.8399999999999996,114.0,107.28499000000001
115.0,0.307,189.0,1.8399999999999996,131.0,106.21872
115.0,0.307,189.0,1.8399999999999996,180.0,103.26048
115.0,0.307,189.0,1.8399999999999996,246.0,99.52709
115.0,0.307,189.0,1.8399999999999996,284.0,97.49714
115.0,0.307,189.0,1.8399999999999996,396.0,91.96775
115.0,0.307,189.0,1.8399999999999996,601.0,83.31636
105.0,0.346,115.0,2.03,-22.0,106.53187
105.0,0.346,115.0,2.03,4.0,104.77496000000001
105.0,0.346,115.0,2.03,55.0,101.49150999999999
105.0,0.346,115.0,2.03,88.0,99.47458
105.0,0.346,115.0,2.03,140.0,96.45349
105.0,0.346,115.0,2.03,203.0,93.02977
105.0,0.346,115.0,2.03,251.0,90.57963000000001
105.0,0.346,115.0,2.03,316.0,87.46045
105.0,0.346,115.0,2.03,398.0,83.818
105.0,0.346,115.0,2.03,611.0,75.63392999999999
110.0,0.375,140.0,1.91,-26.0,111.87556
110.0,0.375,140.0,1.91,17.0,108.90146
110.0,0.375,140.0,1.91,51.0,106.65888000000001
110.0,0.375,140.0,1.91,87.0,104.38286
110.0,0.375,140.0,1.91,167.0,99.65661999999999
110.0,0.375,140.0,1.91,191.0,98.32081
110.0,0.375,140.0,1.91,243.0,95.54593
110.0,0.375,140.0,1.91,298.0,92.77572
110.0,0.375,140.0,1.91,412.0,87.51544
110.0,0.375,140.0,1.91,588.0,80.46878
110.0,0.38,110.0,2.02,-2.0,110.20625
110.0,0.38,110.0,2.02,18.0,108.76778
110.0,0.38,110.0,2.02,68.0,105.33004
110.0,0.38,110.0,2.02,118.0,102.10275999999999
110.0,0.38,110.0,2.02,148.0,100.25939
110.0,0.38,110.0,2.02,183.0,98.19098
110.0,0.38,110.0,2.02,241.0,94.9443
110.0,0.38,110.0,2.02,298.0,91.95621000000001
110.0,0.38,110.0,2.02,400.0,87.05171
110.0,0.38,110.0,2.02,610.0,78.43503999999999
115.0,0.307,159.0,1.8699999999999997,-21.0,116.601
115.0,0.307,159.0,1.8699999999999997,-19.0,116.44942999999999
115.0,0.307,159.0,1.8699999999999997,46.0,111.72064999999999
115.0,0.307,159.0,1.8699999999999997,119.0,106.84708
115.0,0.307,159.0,1.8699999999999997,144.0,105.27407000000001
115.0,0.307,159.0,1.8699999999999997,195.0,102.20474
115.0,0.307,159.0,1.8699999999999997,249.0,99.14352000000001
115.0,0.307,159.0,1.8699999999999997,298.0,96.51997
115.0,0.307,159.0,1.8699999999999997,401.0,91.43348
115.0,0.307,159.0,1.8699999999999997,597.0,83.09758000000001
115.0,0.307,159.0,1.8699999999999997,-36.0,117.75263000000001
115.0,0.307,159.0,1.8699999999999997,15.0,113.92717
115.0,0.307,159.0,1.8699999999999997,68.0,110.20562
115.0,0.307,159.0,1.8699999999999997,85.0,109.06269999999999
115.0,0.307,159.0,1.8699999999999997,154.0,104.65774
115.0,0.307,159.0,1.8699999999999997,199.0,101.9717
115.0,0.307,159.0,1.8699999999999997,258.0,98.65117
115.0,0.307,159.0,1.8699999999999997,303.0,96.2603
115.0,0.307,159.0,1.8699999999999997,415.0,90.78322
115.0,0.307,159.0,1.8699999999999997,615.0,82.40764
105.0,0.346,123.0,2.08,-39.0,107.77998
105.0,0.346,123.0,2.08,19.0,103.75689
105.0,0.346,123.0,2.08,54.0,101.47112
105.0,0.346,123.0,2.08,112.0,97.89661
105.0,0.346,123.0,2.08,147.0,95.85847
105.0,0.346,123.0,2.08,217.0,92.02664
105.0,0.346,123.0,2.08,236.0,91.03864999999999
105.0,0.346,123.0,2.08,289.0,88.39155000000001
105.0,0.346,123.0,2.08,384.0,84.01195
105.0,0.346,123.0,2.08,605.0,75.32625
105.0,0.346,115.0,2.03,-40.0,107.78277
105.0,0.346,115.0,2.03,4.0,104.77496000000001
105.0,0.346,115.0,2.03,63.0,100.99503999999999
105.0,0.346,115.0,2.03,82.0,99.83521
105.0,0.346,115.0,2.03,135.0,96.73579
105.0,0.346,115.0,2.03,192.0,93.60987
105.0,0.346,115.0,2.03,251.0,90.57963000000001
105.0,0.346,115.0,2.03,287.0,88.82534
105.0,0.346,115.0,2.03,413.0,83.18432000000001
105.0,0.346,115.0,2.03,581.0,76.68872999999999
200.0,0.285,173.0,6.45e-06,-29.0,202.29531
200.0,0.285,173.0,6.45e-06,-1.0,200.10689000000002
200.0,0.285,173.0,6.45e-06,55.0,195.86946
200.0,0.285,173.0,6.45e-06,93.0,193.09474
200.0,0.285,173.0,6.45e-06,168.0,187.84206
200.0,0.285,173.0,6.45e-06,189.0,186.42148999999998
200.0,0.285,173.0,6.45e-06,236.0,183.31894
200.0,0.285,173.0,6.45e-06,308.0,178.76282
200.0,0.285,173.0,6.45e-06,419.0,172.16469
200.0,0.285,173.0,6.45e-06,612.0,161.77946
110.0,0.375,120.0,1.99,-9.0,110.70667999999999
110.0,0.375,120.0,1.99,-3.0,110.27342
110.0,0.375,120.0,1.99,53.0,106.38683999999999
110.0,0.375,120.0,1.99,83.0,104.41555
110.0,0.375,120.0,1.99,140.0,100.86336999999999
110.0,0.375,120.0,1.99,185.0,98.22486
110.0,0.375,120.0,1.99,246.0,94.8605
110.0,0.375,120.0,1.99,301.0,92.01850999999999
110.0,0.375,120.0,1.99,405.0,87.08371000000001
110.0,0.375,120.0,1.99,582.0,79.79764
115.0,0.307,189.0,1.8399999999999996,-17.0,116.2772
115.0,0.307,189.0,1.8399999999999996,9.0,114.37481
115.0,0.307,189.0,1.8399999999999996,38.0,112.32459
115.0,0.307,189.0,1.8399999999999996,111.0,107.4753
115.0,0.307,189.0,1.8399999999999996,138.0,105.78608
115.0,0.307,189.0,1.8399999999999996,206.0,101.75681
115.0,0.307,189.0,1.8399999999999996,238.0,99.96519
115.0,0.307,189.0,1.8399999999999996,296.0,96.87337
115.0,0.307,189.0,1.8399999999999996,396.0,91.96775
115.0,0.307,189.0,1.8399999999999996,593.0,83.62339
105.0,0.346,115.0,2.02,-21.0,106.456
105.0,0.346,115.0,2.02,-8.0,105.57585
105.0,0.346,115.0,2.02,46.0,102.07035
105.0,0.346,115.0,2.02,112.0,98.08913000000001
105.0,0.346,115.0,2.02,163.0,95.21874000000001
105.0,0.346,115.0,2.02,199.0,93.29161
105.0,0.346,115.0,2.02,268.0,89.80711
105.0,0.346,115.0,2.02,287.0,88.89264999999999
105.0,0.346,115.0,2.02,401.0,83.77457000000001
105.0,0.346,115.0,2.02,590.0,76.47194999999999
115.0,0.3,130.0,1.8,-14.0,116.02919
115.0,0.3,130.0,1.8,-8.0,115.59582
115.0,0.3,130.0,1.8,55.0,111.23407
115.0,0.3,130.0,1.8,98.0,108.44091999999999
115.0,0.3,130.0,1.8,153.0,105.06594
115.0,0.3,130.0,1.8,186.0,103.13997
115.0,0.3,130.0,1.8,236.0,100.35242
115.0,0.3,130.0,1.8,304.0,96.79372000000001
115.0,0.3,130.0,1.8,411.0,91.67795
115.0,0.3,130.0,1.8,581.0,84.57376
115.0,0.307,173.0,1.86,-9.0,115.69242999999999
115.0,0.307,173.0,1.86,-16.0,116.21597
115.0,0.307,173.0,1.86,38.0,112.2962
115.0,0.307,173.0,1.86,96.0,108.37003
115.0,0.307,173.0,1.86,153.0,104.76929
115.0,0.307,173.0,1.86,194.0,102.32402
115.0,0.307,173.0,1.86,238.0,99.82322
115.0,0.307,173.0,1.86,303.0,96.34438
115.0,0.307,173.0,1.86,383.0,92.38127
115.0,0.307,173.0,1.86,602.0,83.029
115.0,0.307,173.0,1.86,-14.0,116.06586
115.0,0.307,173.0,1.86,-20.0,116.51702
115.0,0.307,173.0,1.86,51.0,111.39132000000001
115.0,0.307,173.0,1.86,94.0,108.5006
115.0,0.307,173.0,1.86,134.0,105.9428
115.0,0.307,173.0,1.86,214.0,101.17188
115.0,0.307,173.0,1.86,252.0,99.05302
115.0,0.307,173.0,1.86,283.0,97.38853999999999
115.0,0.307,173.0,1.86,404.0,91.39434
115.0,0.307,173.0,1.86,603.0,82.99047
105.0,0.346,120.0,2.08,-5.0,105.38489
105.0,0.346,120.0,2.08,8.0,104.49671000000001
105.0,0.346,120.0,2.08,60.0,101.08941
105.0,0.346,120.0,2.08,111.0,97.9559
105.0,0.346,120.0,2.08,159.0,95.17929
105.0,0.346,120.0,2.08,218.0,91.9743
105.0,0.346,120.0,2.08,231.0,91.29666
105.0,0.346,120.0,2.08,300.0,87.86124000000001
105.0,0.346,120.0,2.08,409.0,82.93052
105.0,0.346,120.0,2.08,607.0,75.25589
110.0,0.07,147.0,1.64,-8.0,110.47163
110.0,0.07,147.0,1.64,-10.0,110.59222
110.0,0.07,147.0,1.64,59.0,106.58864
110.0,0.07,147.0,1.64,83.0,105.26336
110.0,0.07,147.0,1.64,143.0,102.0896
110.0,0.07,147.0,1.64,199.0,99.2955
110.0,0.07,147.0,1.64,263.0,96.28314
110.0,0.07,147.0,1.64,308.0,94.27252
110.0,0.07,147.0,1.64,386.0,90.979
110.0,0.07,147.0,1.64,608.0,82.7496
115.0,0.28,180.0,1.8399999999999996,-4.0,115.30729
115.0,0.28,180.0,1.8399999999999996,-15.0,116.11871000000001
115.0,0.28,180.0,1.8399999999999996,57.0,111.00595
115.0,0.28,180.0,1.8399999999999996,80.0,109.46615
115.0,0.28,180.0,1.8399999999999996,152.0,104.91047
115.0,0.28,180.0,1.8399999999999996,197.0,102.25053
115.0,0.28,180.0,1.8399999999999996,230.0,100.38387
115.0,0.28,180.0,1.8399999999999996,287.0,97.31489
115.0,0.28,180.0,1.8399999999999996,391.0,92.17309
115.0,0.28,180.0,1.8399999999999996,590.0,83.70724
115.0,0.307,173.0,1.86,-35.0,117.66081
115.0,0.307,173.0,1.86,8.0,114.4404
115.0,0.307,173.0,1.86,56.0,111.04761
115.0,0.307,173.0,1.86,108.0,107.59154
115.0,0.307,173.0,1.86,146.0,105.19863000000001
115.0,0.307,173.0,1.86,215.0,101.11507
115.0,0.307,173.0,1.86,248.0,99.27172999999999
115.0,0.307,173.0,1.86,284.0,97.3359
115.0,0.307,173.0,1.86,402.0,91.4875
115.0,0.307,173.0,1.86,614.0,82.57074
110.0,0.38,137.0,1.89,-40.0,112.84953
110.0,0.38,137.0,1.89,-10.0,110.7445
110.0,0.38,137.0,1.89,46.0,107.0188
110.0,0.38,137.0,1.89,101.0,103.59464999999999
110.0,0.38,137.0,1.89,143.0,101.12388
110.0,0.38,137.0,1.89,213.0,97.25703999999999
110.0,0.38,137.0,1.89,247.0,95.48319000000001
110.0,0.38,137.0,1.89,312.0,92.26574000000001
110.0,0.38,137.0,1.89,388.0,88.76780000000001
110.0,0.38,137.0,1.89,602.0,80.20257000000001
105.0,0.346,123.0,2.08,-13.0,105.93862
105.0,0.346,123.0,2.08,17.0,103.8908
105.0,0.346,123.0,2.08,61.0,101.02597
105.0,0.346,123.0,2.08,95.0,98.91791
105.0,0.346,123.0,2.08,140.0,96.25924
105.0,0.346,123.0,2.08,184.0,93.79438
105.0,0.346,123.0,2.08,237.0,90.98742999999999
105.0,0.346,123.0,2.08,300.0,87.86124000000001
105.0,0.346,123.0,2.08,414.0,82.71767999999999
105.0,0.346,123.0,2.08,597.0,75.60931
110.0,0.375,140.0,1.91,-15.0,111.09926
110.0,0.375,140.0,1.91,-8.0,110.61114
110.0,0.375,140.0,1.91,34.0,107.76836
110.0,0.375,140.0,1.91,116.0,102.61876
110.0,0.375,140.0,1.91,157.0,100.2241
110.0,0.375,140.0,1.91,183.0,98.76209
110.0,0.375,140.0,1.91,244.0,95.49388
110.0,0.375,140.0,1.91,300.0,92.67787
110.0,0.375,140.0,1.91,418.0,87.25488
110.0,0.375,140.0,1.91,602.0,79.95639
110.0,0.38,110.0,2.02,-39.0,112.96964
110.0,0.38,110.0,2.02,-4.0,110.35219000000001
110.0,0.38,110.0,2.02,39.0,107.29684
110.0,0.38,110.0,2.02,81.0,104.47185
110.0,0.38,110.0,2.02,132.0,101.23418
110.0,0.38,110.0,2.02,206.0,96.87719
110.0,0.38,110.0,2.02,264.0,93.71573
110.0,0.38,110.0,2.02,298.0,91.95621000000001
110.0,0.38,110.0,2.02,387.0,87.6473
110.0,0.38,110.0,2.02,617.0,78.17705000000001
105.0,0.346,115.0,2.03,-25.0,106.73828
105.0,0.346,115.0,2.03,13.0,104.18017
105.0,0.346,115.0,2.03,58.0,101.30484
105.0,0.346,115.0,2.03,107.0,98.34885
105.0,0.346,115.0,2.03,169.0,94.8468
105.0,0.346,115.0,2.03,195.0,93.45099
105.0,0.346,115.0,2.03,241.0,91.07974
105.0,0.346,115.0,2.03,295.0,88.44435
105.0,0.346,115.0,2.03,410.0,83.31049
105.0,0.346,115.0,2.03,615.0,75.49526
115.0,0.307,173.0,1.86,-15.0,116.14069
115.0,0.307,173.0,1.86,-4.0,115.32099000000001
115.0,0.307,173.0,1.86,69.0,110.16299000000001
115.0,0.307,173.0,1.86,91.0,108.69769000000001
115.0,0.307,173.0,1.86,144.0,105.32199
115.0,0.307,173.0,1.86,180.0,103.14603
115.0,0.307,173.0,1.86,266.0,98.2943
115.0,0.307,173.0,1.86,301.0,96.44788
115.0,0.307,173.0,1.86,397.0,91.72107000000001
115.0,0.307,173.0,1.86,610.0,82.72300999999999
110.0,0.28,123.0,1.86,-19.0,111.31022999999999
110.0,0.28,123.0,1.86,-19.0,111.31022999999999
110.0,0.28,123.0,1.86,37.0,107.57609
110.0,0.28,123.0,1.86,90.0,104.26541
110.0,0.28,123.0,1.86,138.0,101.4379
110.0,0.28,123.0,1.86,182.0,98.97688000000001
110.0,0.28,123.0,1.86,266.0,94.59569
110.0,0.28,123.0,1.86,306.0,92.64278999999999
110.0,0.28,123.0,1.86,385.0,89.01294
110.0,0.28,123.0,1.86,598.0,80.50578
115.0,0.307,173.0,1.86,-39.0,117.96974
115.0,0.307,173.0,1.86,5.0,114.65929
115.0,0.307,173.0,1.86,62.0,110.63767
115.0,0.307,173.0,1.86,87.0,108.96106
115.0,0.307,173.0,1.86,165.0,104.04173
115.0,0.307,173.0,1.86,204.0,101.74438
115.0,0.307,173.0,1.86,230.0,100.26846
115.0,0.307,173.0,1.86,299.0,96.5513
115.0,0.307,173.0,1.86,390.0,92.04986
115.0,0.307,173.0,1.86,584.0,83.72582000000001
110.0,0.375,140.0,1.91,-19.0,111.38064
110.0,0.375,140.0,1.91,1.0,109.98924000000001
110.0,0.375,140.0,1.91,38.0,107.50522
110.0,0.375,140.0,1.91,105.0,103.28096000000001
110.0,0.375,140.0,1.91,165.0,99.76942
110.0,0.375,140.0,1.91,209.0,97.34231
110.0,0.375,140.0,1.91,258.0,94.77414
110.0,0.375,140.0,1.91,318.0,91.80771
110.0,0.375,140.0,1.91,416.0,87.34164
110.0,0.375,140.0,1.91,602.0,79.95639
110.0,0.28,123.0,1.86,-8.0,110.55628
110.0,0.28,123.0,1.86,12.0,109.21149000000001
110.0,0.28,123.0,1.86,44.0,107.12687
110.0,0.28,123.0,1.86,109.0,103.12728
110.0,0.28,123.0,1.86,151.0,100.69815
110.0,0.28,123.0,1.86,182.0,98.97688000000001
110.0,0.28,123.0,1.86,238.0,96.01261
110.0,0.28,123.0,1.86,286.0,93.60894
110.0,0.28,123.0,1.86,414.0,87.75066000000001
110.0,0.28,123.0,1.86,585.0,80.97810000000001
110.0,0.375,120.0,1.99,-34.0,112.54905000000001
110.0,0.375,120.0,1.99,-13.0,110.99753999999999
110.0,0.375,120.0,1.99,61.0,105.85397
110.0,0.375,120.0,1.99,82.0,104.48005
110.0,0.375,120.0,1.99,154.0,100.02732
110.0,0.375,120.0,1.99,219.0,96.32117
110.0,0.375,120.0,1.99,262.0,94.01601
110.0,0.375,120.0,1.99,310.0,91.56939999999999
110.0,0.375,120.0,1.99,405.0,87.08371000000001
110.0,0.375,120.0,1.99,600.0,79.12425999999999
115.0,0.307,345.0,1.77,-8.0,115.58928999999999
115.0,0.307,345.0,1.77,-19.0,116.37222
115.0,0.307,345.0,1.77,47.0,111.82634
115.0,0.307,345.0,1.77,105.0,108.11410000000001
115.0,0.307,345.0,1.77,148.0,105.51742999999999
115.0,0.307,345.0,1.77,183.0,103.49397
115.0,0.307,345.0,1.77,242.0,100.25247
115.0,0.307,345.0,1.77,305.0,97.00794
115.0,0.307,345.0,1.77,390.0,92.94847
115.0,0.307,345.0,1.77,585.0,84.80539999999999
105.0,0.31,7.13,9.23e-06,-29.0,105.91524000000001
105.0,0.31,7.13,9.23e-06,-6.0,105.20806
105.0,0.31,7.13,9.23e-06,64.0,103.11264
105.0,0.31,7.13,9.23e-06,111.0,101.75155000000001
105.0,0.31,7.13,9.23e-06,169.0,100.12079
105.0,0.31,7.13,9.23e-06,199.0,99.29759
105.0,0.31,7.13,9.23e-06,248.0,97.98181
105.0,0.31,7.13,9.23e-06,293.0,96.80350999999999
105.0,0.31,7.13,9.23e-06,398.0,94.16158999999999
105.0,0.31,7.13,9.23e-06,611.0,89.22128
105.0,0.346,115.0,2.03,-34.0,107.36266
105.0,0.346,115.0,2.03,17.0,103.91801
105.0,0.346,115.0,2.03,67.0,100.74861999999999
105.0,0.346,115.0,2.03,103.0,98.58397000000001
105.0,0.346,115.0,2.03,150.0,95.89325
105.0,0.346,115.0,2.03,194.0,93.50399
105.0,0.346,115.0,2.03,245.0,90.87894
105.0,0.346,115.0,2.03,311.0,87.69283
105.0,0.346,115.0,2.03,416.0,83.05878
105.0,0.346,115.0,2.03,605.0,75.84247
115.0,0.307,345.0,1.77,-35.0,117.53050999999999
115.0,0.307,345.0,1.77,-17.0,116.22935000000001
115.0,0.307,345.0,1.77,30.0,112.96303
115.0,0.307,345.0,1.77,116.0,107.43786999999999
115.0,0.307,345.0,1.77,151.0,105.34063
115.0,0.307,345.0,1.77,184.0,103.43711
115.0,0.307,345.0,1.77,268.0,98.88748
115.0,0.307,345.0,1.77,286.0,97.96419999999999
115.0,0.307,345.0,1.77,394.0,92.76596
115.0,0.307,345.0,1.77,613.0,83.75151
110.0,0.375,120.0,1.99,-31.0,112.32491
110.0,0.375,120.0,1.99,-14.0,111.07038
110.0,0.375,120.0,1.99,56.0,106.18651
110.0,0.375,120.0,1.99,85.0,104.28648
110.0,0.375,120.0,1.99,168.0,99.20528
110.0,0.375,120.0,1.99,182.0,98.3966
110.0,0.375,120.0,1.99,239.0,95.23506
110.0,0.375,120.0,1.99,318.0,91.17432000000001
110.0,0.375,120.0,1.99,384.0,88.03727
110.0,0.375,120.0,1.99,617.0,78.49851
110.0,0.375,140.0,1.91,-8.0,110.61114
110.0,0.375,140.0,1.91,4.0,109.78383
110.0,0.375,140.0,1.91,44.0,107.11273
110.0,0.375,140.0,1.91,94.0,103.95174
110.0,0.375,140.0,1.91,143.0,101.02883
110.0,0.375,140.0,1.91,181.0,98.87317999999999
110.0,0.375,140.0,1.91,235.0,95.96238000000001
110.0,0.375,140.0,1.91,319.0,91.75964
110.0,0.375,140.0,1.91,381.0,88.88589
110.0,0.375,140.0,1.91,582.0,80.69044
190.0,0.22,26.8,1.8999999999999997,-31.0,196.59418
190.0,0.22,26.8,1.8999999999999997,12.0,187.56142000000003
190.0,0.22,26.8,1.8999999999999997,32.0,183.63728
190.0,0.22,26.8,1.8999999999999997,104.0,170.77155
190.0,0.22,26.8,1.8999999999999997,137.0,165.45754
190.0,0.22,26.8,1.8999999999999997,206.0,155.34949
190.0,0.22,26.8,1.8999999999999997,234.0,151.5909
190.0,0.22,26.8,1.8999999999999997,301.0,143.29373
190.0,0.22,26.8,1.8999999999999997,388.0,133.78403
190.0,0.22,26.8,1.8999999999999997,600.0,115.15394
115.0,0.307,189.0,1.8399999999999996,-27.0,117.02592
115.0,0.307,189.0,1.8399999999999996,-8.0,115.61175
115.0,0.307,189.0,1.8399999999999996,68.0,110.27999000000001
115.0,0.307,189.0,1.8399999999999996,101.0,108.11444999999999
115.0,0.307,189.0,1.8399999999999996,149.0,105.11267
115.0,0.307,189.0,1.8399999999999996,205.0,101.81403
115.0,0.307,189.0,1.8399999999999996,239.0,99.91033
115.0,0.307,189.0,1.8399999999999996,293.0,97.02857
115.0,0.307,189.0,1.8399999999999996,386.0,92.43589999999999
115.0,0.307,189.0,1.8399999999999996,607.0,83.08762
110.0,0.375,140.0,1.91,-35.0,112.51865
110.0,0.375,140.0,1.91,14.0,109.10359
110.0,0.375,140.0,1.91,65.0,105.76225
110.0,0.375,140.0,1.91,90.0,104.19779
110.0,0.375,140.0,1.91,164.0,99.82622
110.0,0.375,140.0,1.91,190.0,98.37567999999999
110.0,0.375,140.0,1.91,230.0,96.22489999999999
110.0,0.375,140.0,1.91,298.0,92.77572
110.0,0.375,140.0,1.91,396.0,88.21731
110.0,0.375,140.0,1.91,581.0,80.72721
100.0,0.28,116.0,2.1199999999999997,-10.0,100.65212
100.0,0.28,116.0,2.1199999999999997,-20.0,101.29924000000001
100.0,0.28,116.0,2.1199999999999997,68.0,95.8745
100.0,0.28,116.0,2.1199999999999997,81.0,95.12206
100.0,0.28,116.0,2.1199999999999997,139.0,91.90324000000001
100.0,0.28,116.0,2.1199999999999997,204.0,88.5451
100.0,0.28,116.0,2.1199999999999997,265.0,85.60889
100.0,0.28,116.0,2.1199999999999997,289.0,84.50628999999999
100.0,0.28,116.0,2.1199999999999997,407.0,79.47335000000001
100.0,0.28,116.0,2.1199999999999997,612.0,72.01902
100.0,0.28,116.0,2.1199999999999997,-37.0,102.41847
100.0,0.28,116.0,2.1199999999999997,-3.0,100.20418
100.0,0.28,116.0,2.1199999999999997,51.0,96.87664
100.0,0.28,116.0,2.1199999999999997,92.0,94.49426
100.0,0.28,116.0,2.1199999999999997,142.0,91.74253
100.0,0.28,116.0,2.1199999999999997,192.0,89.14626
100.0,0.28,116.0,2.1199999999999997,234.0,87.07616
100.0,0.28,116.0,2.1199999999999997,292.0,84.37035
100.0,0.28,116.0,2.1199999999999997,402.0,79.67413
100.0,0.28,116.0,2.1199999999999997,592.0,72.68424
110.0,0.38,110.0,2.02,-3.0,110.27883
110.0,0.38,110.0,2.02,-7.0,110.57147
110.0,0.38,110.0,2.02,49.0,106.6104
110.0,0.38,110.0,2.02,93.0,103.69167
110.0,0.38,110.0,2.02,154.0,99.89866
110.0,0.38,110.0,2.02,210.0,96.65233
110.0,0.38,110.0,2.02,252.0,94.35288
110.0,0.38,110.0,2.02,288.0,92.46683999999999
110.0,0.38,110.0,2.02,409.0,86.64389
110.0,0.38,110.0,2.02,614.0,78.28739999999999
105.0,0.346,115.0,2.03,-2.0,105.17537
105.0,0.346,115.0,2.03,-20.0,106.39449
105.0,0.346,115.0,2.03,34.0,102.81830000000001
105.0,0.346,115.0,2.03,107.0,98.34885
105.0,0.346,115.0,2.03,131.0,96.96298
105.0,0.346,115.0,2.03,215.0,92.40498
105.0,0.346,115.0,2.03,261.0,90.08547999999999
105.0,0.346,115.0,2.03,286.0,88.87297
105.0,0.346,115.0,2.03,413.0,83.18432000000001
105.0,0.346,115.0,2.03,584.0,76.58198
115.0,0.307,189.0,1.8399999999999996,-24.0,116.79997
115.0,0.307,189.0,1.8399999999999996,-4.0,115.3178
115.0,0.307,189.0,1.8399999999999996,43.0,111.97852999999999
115.0,0.307,189.0,1.8399999999999996,81.0,109.41647999999999
115.0,0.307,189.0,1.8399999999999996,131.0,106.21872
115.0,0.307,189.0,1.8399999999999996,216.0,101.19031
115.0,0.307,189.0,1.8399999999999996,234.0,100.18584
115.0,0.307,189.0,1.8399999999999996,300.0,96.66702000000001
115.0,0.307,189.0,1.8399999999999996,411.0,91.27436
115.0,0.307,189.0,1.8399999999999996,587.0,83.8553
105.0,0.346,115.0,2.03,-15.0,106.05289
105.0,0.346,115.0,2.03,-8.0,105.57852
105.0,0.346,115.0,2.03,33.0,102.88242
105.0,0.346,115.0,2.03,89.0,99.41433
105.0,0.346,115.0,2.03,131.0,96.96298
105.0,0.346,115.0,2.03,210.0,92.66435
105.0,0.346,115.0,2.03,232.0,91.53401
105.0,0.346,115.0,2.03,308.0,87.83275
105.0,0.346,115.0,2.03,383.0,84.46186
105.0,0.346,115.0,2.03,612.0,75.59900999999999
110.0,0.341,160.0,1.82,-38.0,112.59747999999999
110.0,0.341,160.0,1.82,0.0,110.04078
110.0,0.341,160.0,1.82,35.0,107.78667999999999
110.0,0.341,160.0,1.82,80.0,105.02044000000001
110.0,0.341,160.0,1.82,158.0,100.54711999999999
110.0,0.341,160.0,1.82,213.0,97.61502
110.0,0.341,160.0,1.82,254.0,95.53753
110.0,0.341,160.0,1.82,305.0,93.07357
110.0,0.341,160.0,1.82,380.0,89.67222
110.0,0.341,160.0,1.82,609.0,80.6677
115.0,0.307,173.0,1.86,-3.0,115.24721000000001
115.0,0.307,173.0,1.86,15.0,113.93301
115.0,0.307,173.0,1.86,54.0,111.18469999999999
115.0,0.307,173.0,1.86,110.0,107.46282000000001
115.0,0.307,173.0,1.86,156.0,104.58645
115.0,0.307,173.0,1.86,180.0,103.14603
115.0,0.307,173.0,1.86,240.0,99.71236999999999
115.0,0.307,173.0,1.86,315.0,95.72833
115.0,0.307,173.0,1.86,383.0,92.38127
115.0,0.307,173.0,1.86,587.0,83.60891000000001
115.0,0.3,130.0,1.8,-15.0,116.1019
115.0,0.3,130.0,1.8,-8.0,115.59582
115.0,0.3,130.0,1.8,52.0,111.43416
115.0,0.3,130.0,1.8,86.0,109.20636
115.0,0.3,130.0,1.8,166.0,104.29869000000001
115.0,0.3,130.0,1.8,208.0,101.89467
115.0,0.3,130.0,1.8,237.0,100.29804
115.0,0.3,130.0,1.8,319.0,96.04272999999999
115.0,0.3,130.0,1.8,417.0,91.40696000000001
115.0,0.3,130.0,1.8,588.0,84.30479
110.0,0.375,120.0,1.99,-24.0,111.805
110.0,0.375,120.0,1.99,14.0,109.06394999999999
110.0,0.375,120.0,1.99,60.0,105.92057000000001
110.0,0.375,120.0,1.99,99.0,103.39344
110.0,0.375,120.0,1.99,149.0,100.3246
110.0,0.375,120.0,1.99,205.0,97.09575
110.0,0.375,120.0,1.99,267.0,93.75507
110.0,0.375,120.0,1.99,312.0,91.47030000000001
110.0,0.375,120.0,1.99,418.0,86.5038
110.0,0.375,120.0,1.99,586.0,79.64694
115.0,0.307,173.0,1.86,-15.0,116.14069
115.0,0.307,173.0,1.86,7.0,114.5135
115.0,0.307,173.0,1.86,51.0,111.39132000000001
115.0,0.307,173.0,1.86,108.0,107.59154
115.0,0.307,173.0,1.86,145.0,105.26043
115.0,0.307,173.0,1.86,217.0,101.00135
115.0,0.307,173.0,1.86,239.0,99.76761
115.0,0.307,173.0,1.86,313.0,95.8305
115.0,0.307,173.0,1.86,380.0,92.52396
115.0,0.307,173.0,1.86,601.0,83.06730999999999
115.0,0.307,159.0,1.8699999999999997,-7.0,115.54606
115.0,0.307,159.0,1.8699999999999997,-9.0,115.69564
115.0,0.307,159.0,1.8699999999999997,32.0,112.70632
115.0,0.307,159.0,1.8699999999999997,101.0,108.00896
115.0,0.307,159.0,1.8699999999999997,131.0,106.08616
115.0,0.307,159.0,1.8699999999999997,207.0,101.50816999999999
115.0,0.307,159.0,1.8699999999999997,231.0,100.14367999999999
115.0,0.307,159.0,1.8699999999999997,298.0,96.51997
115.0,0.307,159.0,1.8699999999999997,403.0,91.34021000000001
115.0,0.307,159.0,1.8699999999999997,586.0,83.5252
110.0,0.375,120.0,1.99,-5.0,110.41734
110.0,0.375,120.0,1.99,8.0,109.48776
110.0,0.375,120.0,1.99,31.0,107.88102
110.0,0.375,120.0,1.99,95.0,103.64717
110.0,0.375,120.0,1.99,143.0,100.68324000000001
110.0,0.375,120.0,1.99,203.0,97.20767
110.0,0.375,120.0,1.99,234.0,95.50401
110.0,0.375,120.0,1.99,318.0,91.17432000000001
110.0,0.375,120.0,1.99,406.0,87.03888
110.0,0.375,120.0,1.99,581.0,79.83538
110.0,0.28,123.0,1.86,-16.0,111.10355
110.0,0.28,123.0,1.86,16.0,108.94658
110.0,0.28,123.0,1.86,33.0,107.83436999999999
110.0,0.28,123.0,1.86,88.0,104.38658
110.0,0.28,123.0,1.86,138.0,101.4379
110.0,0.28,123.0,1.86,198.0,98.1118
110.0,0.28,123.0,1.86,232.0,96.32158
110.0,0.28,123.0,1.86,289.0,93.46265
110.0,0.28,123.0,1.86,386.0,88.96869000000001
110.0,0.28,123.0,1.86,583.0,81.05121000000001
110.0,0.375,120.0,1.99,-33.0,112.47422
110.0,0.375,120.0,1.99,-19.0,111.4365
110.0,0.375,120.0,1.99,46.0,106.85789
110.0,0.375,120.0,1.99,115.0,102.39108999999999
110.0,0.375,120.0,1.99,150.0,100.26482
110.0,0.375,120.0,1.99,201.0,97.31955
110.0,0.375,120.0,1.99,239.0,95.23506
110.0,0.375,120.0,1.99,285.0,92.8277
110.0,0.375,120.0,1.99,397.0,87.44463
110.0,0.375,120.0,1.99,606.0,78.90229
110.0,0.28,123.0,1.86,-1.0,110.08193
110.0,0.28,123.0,1.86,-16.0,111.10355
110.0,0.28,123.0,1.86,50.0,106.74462
110.0,0.28,123.0,1.86,85.0,104.56872
110.0,0.28,123.0,1.86,141.0,101.26617999999999
110.0,0.28,123.0,1.86,219.0,96.99831
110.0,0.28,123.0,1.86,234.0,96.21837
110.0,0.28,123.0,1.86,288.0,93.51172
110.0,0.28,123.0,1.86,413.0,87.79344
110.0,0.28,123.0,1.86,608.0,80.14607000000001
115.0,0.307,189.0,1.8399999999999996,-28.0,117.10152000000001
115.0,0.307,189.0,1.8399999999999996,10.0,114.30301
115.0,0.307,189.0,1.8399999999999996,35.0,112.53317999999999
115.0,0.307,189.0,1.8399999999999996,108.0,107.66628
115.0,0.307,189.0,1.8399999999999996,156.0,104.68896000000001
115.0,0.307,189.0,1.8399999999999996,187.0,102.85152000000001
115.0,0.307,189.0,1.8399999999999996,244.0,99.63603
115.0,0.307,189.0,1.8399999999999996,308.0,96.25725
115.0,0.307,189.0,1.8399999999999996,411.0,91.27436
115.0,0.307,189.0,1.8399999999999996,614.0,82.82222
105.0,0.346,115.0,2.03,-8.0,105.57852
105.0,0.346,115.0,2.03,-17.0,106.18939999999999
105.0,0.346,115.0,2.03,51.0,101.74189
105.0,0.346,115.0,2.03,88.0,99.47458
105.0,0.346,115.0,2.03,136.0,96.67908
105.0,0.346,115.0,2.03,193.0,93.55677
105.0,0.346,115.0,2.03,264.0,89.93831
105.0,0.346,115.0,2.03,310.0,87.73926
105.0,0.346,115.0,2.03,380.0,84.59167
105.0,0.346,115.0,2.03,589.0,76.40458
105.0,0.346,115.0,2.03,-3.0,105.24213
105.0,0.346,115.0,2.03,4.0,104.77496000000001
105.0,0.346,115.0,2.03,60.0,101.18058
105.0,0.346,115.0,2.03,87.0,99.5343
105.0,0.346,115.0,2.03,150.0,95.89325
105.0,0.346,115.0,2.03,194.0,93.50399
105.0,0.346,115.0,2.03,250.0,90.62968
105.0,0.346,115.0,2.03,285.0,88.92116
105.0,0.346,115.0,2.03,412.0,83.22635000000001
105.0,0.346,115.0,2.03,605.0,75.84247
100.0,0.28,116.0,2.1199999999999997,-14.0,100.90997999999999
100.0,0.28,116.0,2.1199999999999997,-10.0,100.65212
100.0,0.28,116.0,2.1199999999999997,40.0,97.53653999999999
100.0,0.28,116.0,2.1199999999999997,96.0,94.26808
100.0,0.28,116.0,2.1199999999999997,148.0,91.42303
100.0,0.28,116.0,2.1199999999999997,193.0,89.09596
100.0,0.28,116.0,2.1199999999999997,254.0,86.12377000000001
100.0,0.28,116.0,2.1199999999999997,312.0,83.47583
100.0,0.28,116.0,2.1199999999999997,409.0,79.39298
100.0,0.28,116.0,2.1199999999999997,581.0,73.05549
105.0,0.346,115.0,2.03,-16.0,106.12111
105.0,0.346,115.0,2.03,10.0,104.3779
105.0,0.346,115.0,2.03,51.0,101.74189
105.0,0.346,115.0,2.03,87.0,99.5343
105.0,0.346,115.0,2.03,164.0,95.11978
105.0,0.346,115.0,2.03,191.0,93.66304
105.0,0.346,115.0,2.03,257.0,90.28255
105.0,0.346,115.0,2.03,318.0,87.36775
105.0,0.346,115.0,2.03,410.0,83.31049
105.0,0.346,115.0,2.03,587.0,76.47528999999999
102.0,0.39,40.6,1.26,-36.0,103.48136
102.0,0.39,40.6,1.26,19.0,101.32597
102.0,0.39,40.6,1.26,66.0,99.55457000000001
102.0,0.39,40.6,1.26,81.0,99.00175999999999
102.0,0.39,40.6,1.26,146.0,96.67679
102.0,0.39,40.6,1.26,195.0,94.99478
102.0,0.39,40.6,1.26,248.0,93.23973
102.0,0.39,40.6,1.26,302.0,91.51701
102.0,0.39,40.6,1.26,413.0,88.16812
102.0,0.39,40.6,1.26,613.0,82.71258
105.0,0.346,115.0,2.03,-3.0,105.24213
105.0,0.346,115.0,2.03,-14.0,105.98478
105.0,0.346,115.0,2.03,56.0,101.42942
105.0,0.346,115.0,2.03,86.0,99.5944
105.0,0.346,115.0,2.03,144.0,96.22838
105.0,0.346,115.0,2.03,219.0,92.19830999999999
105.0,0.346,115.0,2.03,246.0,90.82886
105.0,0.346,115.0,2.03,315.0,87.50663
105.0,0.346,115.0,2.03,398.0,83.818
105.0,0.346,115.0,2.03,599.0,76.05239999999999
105.0,0.35,115.0,2.03,-27.0,106.87756
105.0,0.35,115.0,2.03,-17.0,106.19107000000001
105.0,0.35,115.0,2.03,68.0,100.69078
105.0,0.35,115.0,2.03,109.0,98.23606
105.0,0.35,115.0,2.03,152.0,95.78682
105.0,0.35,115.0,2.03,213.0,92.51404
105.0,0.35,115.0,2.03,258.0,90.23948
105.0,0.35,115.0,2.03,303.0,88.0736
105.0,0.35,115.0,2.03,398.0,83.82575999999999
105.0,0.35,115.0,2.03,606.0,75.81600999999999
100.0,0.28,116.0,2.1199999999999997,-30.0,101.95473
100.0,0.28,116.0,2.1199999999999997,16.0,99.00761999999999
100.0,0.28,116.0,2.1199999999999997,33.0,97.96122
100.0,0.28,116.0,2.1199999999999997,93.0,94.43775
100.0,0.28,116.0,2.1199999999999997,152.0,91.21127
100.0,0.28,116.0,2.1199999999999997,180.0,89.7559
100.0,0.28,116.0,2.1199999999999997,242.0,86.69292999999999
100.0,0.28,116.0,2.1199999999999997,286.0,84.64245
100.0,0.28,116.0,2.1199999999999997,394.0,79.99822
100.0,0.28,116.0,2.1199999999999997,597.0,72.51689999999999
105.0,0.346,115.0,2.02,-37.0,107.55946
105.0,0.346,115.0,2.02,18.0,103.85843
105.0,0.346,115.0,2.02,56.0,101.4464
105.0,0.346,115.0,2.02,86.0,99.62001
105.0,0.346,115.0,2.02,150.0,95.93439
105.0,0.346,115.0,2.02,217.0,92.35682000000001
105.0,0.346,115.0,2.02,238.0,91.28966
105.0,0.346,115.0,2.02,304.0,88.09016
105.0,0.346,115.0,2.02,416.0,83.14466
105.0,0.346,115.0,2.02,596.0,76.26099
115.0,0.3,130.0,1.8,-32.0,117.34859
115.0,0.3,130.0,1.8,-13.0,115.95692
115.0,0.3,130.0,1.8,51.0,111.50128
115.0,0.3,130.0,1.8,108.0,107.81121
115.0,0.3,130.0,1.8,131.0,106.39032
115.0,0.3,130.0,1.8,188.0,103.02516
115.0,0.3,130.0,1.8,239.0,100.18975999999999
115.0,0.3,130.0,1.8,282.0,97.91727
115.0,0.3,130.0,1.8,413.0,91.58743
115.0,0.3,130.0,1.8,584.0,84.45833
105.0,0.346,115.0,2.03,-34.0,107.36266
105.0,0.346,115.0,2.03,-16.0,106.12111
105.0,0.346,115.0,2.03,40.0,102.43557000000001
105.0,0.346,115.0,2.03,108.0,98.29054
105.0,0.346,115.0,2.03,142.0,96.3408
105.0,0.346,115.0,2.03,214.0,92.4568
105.0,0.346,115.0,2.03,245.0,90.87894
105.0,0.346,115.0,2.03,293.0,88.53935
105.0,0.346,115.0,2.03,394.0,83.98885
105.0,0.346,115.0,2.03,586.0,76.51084
115.0,0.307,345.0,1.77,-39.0,117.82382000000001
115.0,0.307,345.0,1.77,1.0,114.95624000000001
115.0,0.307,345.0,1.77,38.0,112.42535000000001
115.0,0.307,345.0,1.77,87.0,109.23966
115.0,0.307,345.0,1.77,159.0,104.87315
115.0,0.307,345.0,1.77,188.0,103.2109
115.0,0.307,345.0,1.77,234.0,100.67994999999999
115.0,0.307,345.0,1.77,289.0,97.81204
115.0,0.307,345.0,1.77,383.0,93.2702
115.0,0.307,345.0,1.77,617.0,83.60324
110.0,0.34,160.0,1.82,-2.0,110.17208000000001
110.0,0.34,160.0,1.82,3.0,109.8435
110.0,0.34,160.0,1.82,32.0,107.97561
110.0,0.34,160.0,1.82,80.0,105.01944999999999
110.0,0.34,160.0,1.82,149.0,101.04292
110.0,0.34,160.0,1.82,196.0,98.50135
110.0,0.34,160.0,1.82,268.0,94.84686
110.0,0.34,160.0,1.82,301.0,93.26069
110.0,0.34,160.0,1.82,380.0,89.67055
110.0,0.34,160.0,1.82,587.0,81.4516
110.0,0.341,160.0,1.82,-14.0,110.96947999999999
110.0,0.341,160.0,1.82,-11.0,110.76889
110.0,0.341,160.0,1.82,47.0,107.03514
110.0,0.341,160.0,1.82,95.0,104.12979
110.0,0.341,160.0,1.82,134.0,101.88236
110.0,0.341,160.0,1.82,208.0,97.87456
110.0,0.341,160.0,1.82,269.0,94.79963000000001
110.0,0.341,160.0,1.82,297.0,93.4517
110.0,0.341,160.0,1.82,389.0,89.2806
110.0,0.341,160.0,1.82,586.0,81.48967
115.0,0.307,345.0,1.77,-23.0,116.65972000000001
115.0,0.307,345.0,1.77,-14.0,116.01494
115.0,0.307,345.0,1.77,62.0,110.84226
115.0,0.307,345.0,1.77,117.0,107.37661
115.0,0.307,345.0,1.77,159.0,104.87315
115.0,0.307,345.0,1.77,204.0,102.31648
115.0,0.307,345.0,1.77,241.0,100.3059
115.0,0.307,345.0,1.77,303.0,97.10748
115.0,0.307,345.0,1.77,400.0,92.49313000000001
115.0,0.307,345.0,1.77,600.0,84.23742
200.0,0.29,52.0,1.2,-29.0,204.28817999999998
200.0,0.29,52.0,1.2,-17.0,202.50551000000002
200.0,0.29,52.0,1.2,36.0,194.99089999999998
200.0,0.29,52.0,1.2,91.0,187.75844
200.0,0.29,52.0,1.2,205.0,174.35146
200.0,0.29,52.0,1.2,298.0,164.75284
200.0,0.29,52.0,1.2,398.0,155.543
200.0,0.29,52.0,1.2,596.0,140.03835
200.0,0.29,52.0,1.2,710.0,132.43445
200.0,0.29,52.0,1.2,789.0,127.63136
200.0,0.29,52.0,1.2,-35.0,205.19131
200.0,0.29,52.0,1.2,-9.0,201.33525
200.0,0.29,52.0,1.2,46.0,193.6345
200.0,0.29,52.0,1.2,104.0,186.12573999999998
200.0,0.29,52.0,1.2,200.0,174.89986
200.0,0.29,52.0,1.2,295.0,165.04556
200.0,0.29,52.0,1.2,404.0,155.02301
200.0,0.29,52.0,1.2,610.0,139.05794
200.0,0.29,52.0,1.2,698.0,133.19573
200.0,0.29,52.0,1.2,809.0,126.46997
200.0,0.29,52.0,1.2,-34.0,205.04107000000002
200.0,0.29,52.0,1.2,11.0,198.46518
200.0,0.29,52.0,1.2,57.0,192.16374
200.0,0.29,52.0,1.2,106.0,185.87806
200.0,0.29,52.0,1.2,219.0,172.8365
200.0,0.29,52.0,1.2,291.0,165.43835
200.0,0.29,52.0,1.2,386.0,156.59348
200.0,0.29,52.0,1.2,594.0,140.17924
200.0,0.29,52.0,1.2,713.0,132.24575
200.0,0.29,52.0,1.2,780.0,128.16103999999999
200.0,0.29,52.0,1.2,-28.0,204.13925
200.0,0.29,52.0,1.2,4.0,199.4595
200.0,0.29,52.0,1.2,45.0,193.7685
200.0,0.29,52.0,1.2,113.0,185.01305
200.0,0.29,52.0,1.2,215.0,173.26579
200.0,0.29,52.0,1.2,305.0,164.07347000000001
200.0,0.29,52.0,1.2,391.0,156.15428
200.0,0.29,52.0,1.2,607.0,139.26713
200.0,0.29,52.0,1.2,717.0,131.99477
200.0,0.29,52.0,1.2,786.0,127.80714
200.0,0.29,52.0,1.2,-3.0,200.46562
200.0,0.29,52.0,1.2,-3.0,200.46562
200.0,0.29,52.0,1.2,42.0,194.17445
200.0,0.29,52.0,1.2,115.0,184.76729
200.0,0.29,52.0,1.2,202.0,174.68017
200.0,0.29,52.0,1.2,299.0,164.65592999999998
200.0,0.29,52.0,1.2,412.0,154.33564
200.0,0.29,52.0,1.2,601.0,139.68624
200.0,0.29,52.0,1.2,706.0,132.68751
200.0,0.29,52.0,1.2,819.0,125.89696
200.0,0.29,52.0,1.2,-31.0,204.58854
200.0,0.29,52.0,1.2,-18.0,202.6533
200.0,0.29,52.0,1.2,51.0,192.96279
200.0,0.29,52.0,1.2,90.0,187.88442999999998
200.0,0.29,52.0,1.2,193.0,175.6719
200.0,0.29,52.0,1.2,298.0,164.75284
200.0,0.29,52.0,1.2,391.0,156.15428
200.0,0.29,52.0,1.2,587.0,140.67555
200.0,0.29,52.0,1.2,681.0,134.29008
200.0,0.29,52.0,1.2,788.0,127.68999000000001
200.0,0.29,52.0,1.2,-26.0,203.8402
200.0,0.29,52.0,1.2,8.0,198.88984
200.0,0.29,52.0,1.2,67.0,190.84728
200.0,0.29,52.0,1.2,86.0,188.39278
200.0,0.29,52.0,1.2,201.0,174.78922
200.0,0.29,52.0,1.2,289.0,165.63494
200.0,0.29,52.0,1.2,397.0,155.63021
200.0,0.29,52.0,1.2,597.0,139.9673
200.0,0.29,52.0,1.2,703.0,132.878
